,objective_name,data_name,dimension,idx_rep,solver_name,stop_val,time,objective_value,env-OMP_NUM_THREADS,platform,platform-architecture,platform-release,platform-version,system-cpus,system-processor,system-ram (GB),version-cuda,version-numpy,version-scipy
0,"L2 Logistic Regression[fit_intercept=False,lmbd=1.0]",rcv1,"(19959,)",0,"copt[accelerated=False,line_search=False,solver=pgd]",0,3.562600000006633e-05,9558.08513461421,,Darwin,x86_64,19.0.0,Darwin Kernel Version 19.0.0: Wed Oct 23 18:29:05 PDT 2019; root:xnu-6153.41.3~44/RELEASE_X86_64,16,Intel(R) Core(TM) i9-9880H CPU @ 2.30GHz,32,,"('1.19.2', 'blas=mkl_rt, lapack=mkl_rt')",1.5.2
1,"L2 Logistic Regression[fit_intercept=False,lmbd=1.0]",rcv1,"(19959,)",0,"copt[accelerated=False,line_search=False,solver=pgd]",1,0.22651476799999992,9558.085134614212,,Darwin,x86_64,19.0.0,Darwin Kernel Version 19.0.0: Wed Oct 23 18:29:05 PDT 2019; root:xnu-6153.41.3~44/RELEASE_X86_64,16,Intel(R) Core(TM) i9-9880H CPU @ 2.30GHz,32,,"('1.19.2', 'blas=mkl_rt, lapack=mkl_rt')",1.5.2
2,"L2 Logistic Regression[fit_intercept=False,lmbd=1.0]",rcv1,"(19959,)",0,"copt[accelerated=False,line_search=False,solver=pgd]",2,0.34531359799999994,8546.212498123754,,Darwin,x86_64,19.0.0,Darwin Kernel Version 19.0.0: Wed Oct 23 18:29:05 PDT 2019; root:xnu-6153.41.3~44/RELEASE_X86_64,16,Intel(R) Core(TM) i9-9880H CPU @ 2.30GHz,32,,"('1.19.2', 'blas=mkl_rt, lapack=mkl_rt')",1.5.2
3,"L2 Logistic Regression[fit_intercept=False,lmbd=1.0]",rcv1,"(19959,)",0,"copt[accelerated=False,line_search=False,solver=pgd]",3,0.4296883890000003,7834.32609884987,,Darwin,x86_64,19.0.0,Darwin Kernel Version 19.0.0: Wed Oct 23 18:29:05 PDT 2019; root:xnu-6153.41.3~44/RELEASE_X86_64,16,Intel(R) Core(TM) i9-9880H CPU @ 2.30GHz,32,,"('1.19.2', 'blas=mkl_rt, lapack=mkl_rt')",1.5.2
4,"L2 Logistic Regression[fit_intercept=False,lmbd=1.0]",rcv1,"(19959,)",0,"copt[accelerated=False,line_search=False,solver=pgd]",4,0.5379637769999999,7303.457589631526,,Darwin,x86_64,19.0.0,Darwin Kernel Version 19.0.0: Wed Oct 23 18:29:05 PDT 2019; root:xnu-6153.41.3~44/RELEASE_X86_64,16,Intel(R) Core(TM) i9-9880H CPU @ 2.30GHz,32,,"('1.19.2', 'blas=mkl_rt, lapack=mkl_rt')",1.5.2
5,"L2 Logistic Regression[fit_intercept=False,lmbd=1.0]",rcv1,"(19959,)",0,"copt[accelerated=False,line_search=False,solver=pgd]",6,0.74391535,6562.346965220361,,Darwin,x86_64,19.0.0,Darwin Kernel Version 19.0.0: Wed Oct 23 18:29:05 PDT 2019; root:xnu-6153.41.3~44/RELEASE_X86_64,16,Intel(R) Core(TM) i9-9880H CPU @ 2.30GHz,32,,"('1.19.2', 'blas=mkl_rt, lapack=mkl_rt')",1.5.2
6,"L2 Logistic Regression[fit_intercept=False,lmbd=1.0]",rcv1,"(19959,)",0,"copt[accelerated=False,line_search=False,solver=pgd]",9,1.0666492639999996,5880.918156952608,,Darwin,x86_64,19.0.0,Darwin Kernel Version 19.0.0: Wed Oct 23 18:29:05 PDT 2019; root:xnu-6153.41.3~44/RELEASE_X86_64,16,Intel(R) Core(TM) i9-9880H CPU @ 2.30GHz,32,,"('1.19.2', 'blas=mkl_rt, lapack=mkl_rt')",1.5.2
7,"L2 Logistic Regression[fit_intercept=False,lmbd=1.0]",rcv1,"(19959,)",0,"copt[accelerated=False,line_search=False,solver=pgd]",13,1.4783130710000005,5352.945716714797,,Darwin,x86_64,19.0.0,Darwin Kernel Version 19.0.0: Wed Oct 23 18:29:05 PDT 2019; root:xnu-6153.41.3~44/RELEASE_X86_64,16,Intel(R) Core(TM) i9-9880H CPU @ 2.30GHz,32,,"('1.19.2', 'blas=mkl_rt, lapack=mkl_rt')",1.5.2
8,"L2 Logistic Regression[fit_intercept=False,lmbd=1.0]",rcv1,"(19959,)",0,"copt[accelerated=False,line_search=False,solver=pgd]",19,2.1222625170000002,4919.174162714339,,Darwin,x86_64,19.0.0,Darwin Kernel Version 19.0.0: Wed Oct 23 18:29:05 PDT 2019; root:xnu-6153.41.3~44/RELEASE_X86_64,16,Intel(R) Core(TM) i9-9880H CPU @ 2.30GHz,32,,"('1.19.2', 'blas=mkl_rt, lapack=mkl_rt')",1.5.2
9,"L2 Logistic Regression[fit_intercept=False,lmbd=1.0]",rcv1,"(19959,)",0,"copt[accelerated=False,line_search=False,solver=pgd]",28,2.9958993560000007,4596.179150252831,,Darwin,x86_64,19.0.0,Darwin Kernel Version 19.0.0: Wed Oct 23 18:29:05 PDT 2019; root:xnu-6153.41.3~44/RELEASE_X86_64,16,Intel(R) Core(TM) i9-9880H CPU @ 2.30GHz,32,,"('1.19.2', 'blas=mkl_rt, lapack=mkl_rt')",1.5.2
10,"L2 Logistic Regression[fit_intercept=False,lmbd=1.0]",rcv1,"(19959,)",0,"copt[accelerated=False,line_search=False,solver=pgd]",42,4.6166071980000005,4375.2108637753645,,Darwin,x86_64,19.0.0,Darwin Kernel Version 19.0.0: Wed Oct 23 18:29:05 PDT 2019; root:xnu-6153.41.3~44/RELEASE_X86_64,16,Intel(R) Core(TM) i9-9880H CPU @ 2.30GHz,32,,"('1.19.2', 'blas=mkl_rt, lapack=mkl_rt')",1.5.2
11,"L2 Logistic Regression[fit_intercept=False,lmbd=1.0]",rcv1,"(19959,)",0,"copt[accelerated=False,line_search=False,solver=pgd]",63,6.865518301000002,4247.865209733858,,Darwin,x86_64,19.0.0,Darwin Kernel Version 19.0.0: Wed Oct 23 18:29:05 PDT 2019; root:xnu-6153.41.3~44/RELEASE_X86_64,16,Intel(R) Core(TM) i9-9880H CPU @ 2.30GHz,32,,"('1.19.2', 'blas=mkl_rt, lapack=mkl_rt')",1.5.2
12,"L2 Logistic Regression[fit_intercept=False,lmbd=1.0]",rcv1,"(19959,)",0,"copt[accelerated=False,line_search=False,solver=pgd]",94,10.205826685999998,4184.682759196329,,Darwin,x86_64,19.0.0,Darwin Kernel Version 19.0.0: Wed Oct 23 18:29:05 PDT 2019; root:xnu-6153.41.3~44/RELEASE_X86_64,16,Intel(R) Core(TM) i9-9880H CPU @ 2.30GHz,32,,"('1.19.2', 'blas=mkl_rt, lapack=mkl_rt')",1.5.2
13,"L2 Logistic Regression[fit_intercept=False,lmbd=1.0]",rcv1,"(19959,)",0,"copt[accelerated=False,line_search=False,solver=pgd]",141,15.256551805,4157.911083188013,,Darwin,x86_64,19.0.0,Darwin Kernel Version 19.0.0: Wed Oct 23 18:29:05 PDT 2019; root:xnu-6153.41.3~44/RELEASE_X86_64,16,Intel(R) Core(TM) i9-9880H CPU @ 2.30GHz,32,,"('1.19.2', 'blas=mkl_rt, lapack=mkl_rt')",1.5.2
14,"L2 Logistic Regression[fit_intercept=False,lmbd=1.0]",rcv1,"(19959,)",0,"copt[accelerated=False,line_search=False,solver=pgd]",211,23.555126322000007,4149.5676641799155,,Darwin,x86_64,19.0.0,Darwin Kernel Version 19.0.0: Wed Oct 23 18:29:05 PDT 2019; root:xnu-6153.41.3~44/RELEASE_X86_64,16,Intel(R) Core(TM) i9-9880H CPU @ 2.30GHz,32,,"('1.19.2', 'blas=mkl_rt, lapack=mkl_rt')",1.5.2
15,"L2 Logistic Regression[fit_intercept=False,lmbd=1.0]",rcv1,"(19959,)",0,"copt[accelerated=False,line_search=False,solver=pgd]",316,36.591378593,4147.887337046197,,Darwin,x86_64,19.0.0,Darwin Kernel Version 19.0.0: Wed Oct 23 18:29:05 PDT 2019; root:xnu-6153.41.3~44/RELEASE_X86_64,16,Intel(R) Core(TM) i9-9880H CPU @ 2.30GHz,32,,"('1.19.2', 'blas=mkl_rt, lapack=mkl_rt')",1.5.2
16,"L2 Logistic Regression[fit_intercept=False,lmbd=1.0]",rcv1,"(19959,)",0,"copt[accelerated=False,line_search=False,solver=pgd]",474,52.529951991999994,4147.715453271052,,Darwin,x86_64,19.0.0,Darwin Kernel Version 19.0.0: Wed Oct 23 18:29:05 PDT 2019; root:xnu-6153.41.3~44/RELEASE_X86_64,16,Intel(R) Core(TM) i9-9880H CPU @ 2.30GHz,32,,"('1.19.2', 'blas=mkl_rt, lapack=mkl_rt')",1.5.2
17,"L2 Logistic Regression[fit_intercept=False,lmbd=1.0]",rcv1,"(19959,)",0,"copt[accelerated=False,line_search=False,solver=pgd]",711,84.131797292,4147.708963583843,,Darwin,x86_64,19.0.0,Darwin Kernel Version 19.0.0: Wed Oct 23 18:29:05 PDT 2019; root:xnu-6153.41.3~44/RELEASE_X86_64,16,Intel(R) Core(TM) i9-9880H CPU @ 2.30GHz,32,,"('1.19.2', 'blas=mkl_rt, lapack=mkl_rt')",1.5.2
18,"L2 Logistic Regression[fit_intercept=False,lmbd=1.0]",rcv1,"(19959,)",0,"copt[accelerated=False,line_search=False,solver=svrg]",0,4.290000000040095e-05,4382.979655809351,,Darwin,x86_64,19.0.0,Darwin Kernel Version 19.0.0: Wed Oct 23 18:29:05 PDT 2019; root:xnu-6153.41.3~44/RELEASE_X86_64,16,Intel(R) Core(TM) i9-9880H CPU @ 2.30GHz,32,,"('1.19.2', 'blas=mkl_rt, lapack=mkl_rt')",1.5.2
19,"L2 Logistic Regression[fit_intercept=False,lmbd=1.0]",rcv1,"(19959,)",0,"copt[accelerated=False,line_search=False,solver=svrg]",1,1.857385006,4378.117479046834,,Darwin,x86_64,19.0.0,Darwin Kernel Version 19.0.0: Wed Oct 23 18:29:05 PDT 2019; root:xnu-6153.41.3~44/RELEASE_X86_64,16,Intel(R) Core(TM) i9-9880H CPU @ 2.30GHz,32,,"('1.19.2', 'blas=mkl_rt, lapack=mkl_rt')",1.5.2
20,"L2 Logistic Regression[fit_intercept=False,lmbd=1.0]",rcv1,"(19959,)",0,"copt[accelerated=False,line_search=False,solver=svrg]",2,2.4705843509999994,4155.555658709409,,Darwin,x86_64,19.0.0,Darwin Kernel Version 19.0.0: Wed Oct 23 18:29:05 PDT 2019; root:xnu-6153.41.3~44/RELEASE_X86_64,16,Intel(R) Core(TM) i9-9880H CPU @ 2.30GHz,32,,"('1.19.2', 'blas=mkl_rt, lapack=mkl_rt')",1.5.2
21,"L2 Logistic Regression[fit_intercept=False,lmbd=1.0]",rcv1,"(19959,)",0,"copt[accelerated=False,line_search=False,solver=svrg]",3,3.192677806999999,4147.991999666088,,Darwin,x86_64,19.0.0,Darwin Kernel Version 19.0.0: Wed Oct 23 18:29:05 PDT 2019; root:xnu-6153.41.3~44/RELEASE_X86_64,16,Intel(R) Core(TM) i9-9880H CPU @ 2.30GHz,32,,"('1.19.2', 'blas=mkl_rt, lapack=mkl_rt')",1.5.2
22,"L2 Logistic Regression[fit_intercept=False,lmbd=1.0]",rcv1,"(19959,)",0,"copt[accelerated=False,line_search=False,solver=svrg]",4,4.365755565999999,4147.72337257827,,Darwin,x86_64,19.0.0,Darwin Kernel Version 19.0.0: Wed Oct 23 18:29:05 PDT 2019; root:xnu-6153.41.3~44/RELEASE_X86_64,16,Intel(R) Core(TM) i9-9880H CPU @ 2.30GHz,32,,"('1.19.2', 'blas=mkl_rt, lapack=mkl_rt')",1.5.2
23,"L2 Logistic Regression[fit_intercept=False,lmbd=1.0]",rcv1,"(19959,)",0,"copt[accelerated=False,line_search=False,solver=svrg]",6,5.400215383999999,4147.708938616195,,Darwin,x86_64,19.0.0,Darwin Kernel Version 19.0.0: Wed Oct 23 18:29:05 PDT 2019; root:xnu-6153.41.3~44/RELEASE_X86_64,16,Intel(R) Core(TM) i9-9880H CPU @ 2.30GHz,32,,"('1.19.2', 'blas=mkl_rt, lapack=mkl_rt')",1.5.2
24,"L2 Logistic Regression[fit_intercept=False,lmbd=1.0]",rcv1,"(19959,)",0,"copt[accelerated=False,line_search=False,solver=svrg]",9,7.969023621000002,4147.7089053519685,,Darwin,x86_64,19.0.0,Darwin Kernel Version 19.0.0: Wed Oct 23 18:29:05 PDT 2019; root:xnu-6153.41.3~44/RELEASE_X86_64,16,Intel(R) Core(TM) i9-9880H CPU @ 2.30GHz,32,,"('1.19.2', 'blas=mkl_rt, lapack=mkl_rt')",1.5.2
25,"L2 Logistic Regression[fit_intercept=False,lmbd=1.0]",rcv1,"(19959,)",0,"copt[accelerated=False,line_search=False,solver=svrg]",13,10.624087952000004,4147.708905345791,,Darwin,x86_64,19.0.0,Darwin Kernel Version 19.0.0: Wed Oct 23 18:29:05 PDT 2019; root:xnu-6153.41.3~44/RELEASE_X86_64,16,Intel(R) Core(TM) i9-9880H CPU @ 2.30GHz,32,,"('1.19.2', 'blas=mkl_rt, lapack=mkl_rt')",1.5.2
26,"L2 Logistic Regression[fit_intercept=False,lmbd=1.0]",rcv1,"(19959,)",0,"copt[accelerated=False,line_search=False,solver=svrg]",19,15.470778442000004,4147.708905345792,,Darwin,x86_64,19.0.0,Darwin Kernel Version 19.0.0: Wed Oct 23 18:29:05 PDT 2019; root:xnu-6153.41.3~44/RELEASE_X86_64,16,Intel(R) Core(TM) i9-9880H CPU @ 2.30GHz,32,,"('1.19.2', 'blas=mkl_rt, lapack=mkl_rt')",1.5.2
27,"L2 Logistic Regression[fit_intercept=False,lmbd=1.0]",rcv1,"(19959,)",0,"copt[accelerated=False,line_search=False,solver=svrg]",28,23.304151087,4147.708905345793,,Darwin,x86_64,19.0.0,Darwin Kernel Version 19.0.0: Wed Oct 23 18:29:05 PDT 2019; root:xnu-6153.41.3~44/RELEASE_X86_64,16,Intel(R) Core(TM) i9-9880H CPU @ 2.30GHz,32,,"('1.19.2', 'blas=mkl_rt, lapack=mkl_rt')",1.5.2
28,"L2 Logistic Regression[fit_intercept=False,lmbd=1.0]",rcv1,"(19959,)",0,"copt[accelerated=False,line_search=False,solver=svrg]",42,33.475050266,4147.708905345793,,Darwin,x86_64,19.0.0,Darwin Kernel Version 19.0.0: Wed Oct 23 18:29:05 PDT 2019; root:xnu-6153.41.3~44/RELEASE_X86_64,16,Intel(R) Core(TM) i9-9880H CPU @ 2.30GHz,32,,"('1.19.2', 'blas=mkl_rt, lapack=mkl_rt')",1.5.2
29,"L2 Logistic Regression[fit_intercept=False,lmbd=1.0]",rcv1,"(19959,)",0,"copt[accelerated=False,line_search=False,solver=saga]",0,1.8547999999896092e-05,4800.587643514304,,Darwin,x86_64,19.0.0,Darwin Kernel Version 19.0.0: Wed Oct 23 18:29:05 PDT 2019; root:xnu-6153.41.3~44/RELEASE_X86_64,16,Intel(R) Core(TM) i9-9880H CPU @ 2.30GHz,32,,"('1.19.2', 'blas=mkl_rt, lapack=mkl_rt')",1.5.2
30,"L2 Logistic Regression[fit_intercept=False,lmbd=1.0]",rcv1,"(19959,)",0,"copt[accelerated=False,line_search=False,solver=saga]",1,1.1848926689999928,4786.997503860613,,Darwin,x86_64,19.0.0,Darwin Kernel Version 19.0.0: Wed Oct 23 18:29:05 PDT 2019; root:xnu-6153.41.3~44/RELEASE_X86_64,16,Intel(R) Core(TM) i9-9880H CPU @ 2.30GHz,32,,"('1.19.2', 'blas=mkl_rt, lapack=mkl_rt')",1.5.2
31,"L2 Logistic Regression[fit_intercept=False,lmbd=1.0]",rcv1,"(19959,)",0,"copt[accelerated=False,line_search=False,solver=saga]",2,1.412041666999997,4193.3219401350125,,Darwin,x86_64,19.0.0,Darwin Kernel Version 19.0.0: Wed Oct 23 18:29:05 PDT 2019; root:xnu-6153.41.3~44/RELEASE_X86_64,16,Intel(R) Core(TM) i9-9880H CPU @ 2.30GHz,32,,"('1.19.2', 'blas=mkl_rt, lapack=mkl_rt')",1.5.2
32,"L2 Logistic Regression[fit_intercept=False,lmbd=1.0]",rcv1,"(19959,)",0,"copt[accelerated=False,line_search=False,solver=saga]",3,1.6364116929999994,4152.881443981638,,Darwin,x86_64,19.0.0,Darwin Kernel Version 19.0.0: Wed Oct 23 18:29:05 PDT 2019; root:xnu-6153.41.3~44/RELEASE_X86_64,16,Intel(R) Core(TM) i9-9880H CPU @ 2.30GHz,32,,"('1.19.2', 'blas=mkl_rt, lapack=mkl_rt')",1.5.2
33,"L2 Logistic Regression[fit_intercept=False,lmbd=1.0]",rcv1,"(19959,)",0,"copt[accelerated=False,line_search=False,solver=saga]",4,1.9875058269999926,4148.226311727887,,Darwin,x86_64,19.0.0,Darwin Kernel Version 19.0.0: Wed Oct 23 18:29:05 PDT 2019; root:xnu-6153.41.3~44/RELEASE_X86_64,16,Intel(R) Core(TM) i9-9880H CPU @ 2.30GHz,32,,"('1.19.2', 'blas=mkl_rt, lapack=mkl_rt')",1.5.2
34,"L2 Logistic Regression[fit_intercept=False,lmbd=1.0]",rcv1,"(19959,)",0,"copt[accelerated=False,line_search=False,solver=saga]",6,2.449975058000007,4147.715307806475,,Darwin,x86_64,19.0.0,Darwin Kernel Version 19.0.0: Wed Oct 23 18:29:05 PDT 2019; root:xnu-6153.41.3~44/RELEASE_X86_64,16,Intel(R) Core(TM) i9-9880H CPU @ 2.30GHz,32,,"('1.19.2', 'blas=mkl_rt, lapack=mkl_rt')",1.5.2
35,"L2 Logistic Regression[fit_intercept=False,lmbd=1.0]",rcv1,"(19959,)",0,"copt[accelerated=False,line_search=False,solver=saga]",9,3.485309688000001,4147.708924321047,,Darwin,x86_64,19.0.0,Darwin Kernel Version 19.0.0: Wed Oct 23 18:29:05 PDT 2019; root:xnu-6153.41.3~44/RELEASE_X86_64,16,Intel(R) Core(TM) i9-9880H CPU @ 2.30GHz,32,,"('1.19.2', 'blas=mkl_rt, lapack=mkl_rt')",1.5.2
36,"L2 Logistic Regression[fit_intercept=False,lmbd=1.0]",rcv1,"(19959,)",0,"copt[accelerated=False,line_search=False,solver=saga]",13,4.388194416999994,4147.70890535422,,Darwin,x86_64,19.0.0,Darwin Kernel Version 19.0.0: Wed Oct 23 18:29:05 PDT 2019; root:xnu-6153.41.3~44/RELEASE_X86_64,16,Intel(R) Core(TM) i9-9880H CPU @ 2.30GHz,32,,"('1.19.2', 'blas=mkl_rt, lapack=mkl_rt')",1.5.2
37,"L2 Logistic Regression[fit_intercept=False,lmbd=1.0]",rcv1,"(19959,)",0,"copt[accelerated=False,line_search=False,solver=saga]",19,6.6198913540000035,4147.708905345791,,Darwin,x86_64,19.0.0,Darwin Kernel Version 19.0.0: Wed Oct 23 18:29:05 PDT 2019; root:xnu-6153.41.3~44/RELEASE_X86_64,16,Intel(R) Core(TM) i9-9880H CPU @ 2.30GHz,32,,"('1.19.2', 'blas=mkl_rt, lapack=mkl_rt')",1.5.2
38,"L2 Logistic Regression[fit_intercept=False,lmbd=1.0]",rcv1,"(19959,)",0,"copt[accelerated=False,line_search=False,solver=saga]",28,9.038471369000007,4147.708905345792,,Darwin,x86_64,19.0.0,Darwin Kernel Version 19.0.0: Wed Oct 23 18:29:05 PDT 2019; root:xnu-6153.41.3~44/RELEASE_X86_64,16,Intel(R) Core(TM) i9-9880H CPU @ 2.30GHz,32,,"('1.19.2', 'blas=mkl_rt, lapack=mkl_rt')",1.5.2
39,"L2 Logistic Regression[fit_intercept=False,lmbd=1.0]",rcv1,"(19959,)",0,"copt[accelerated=False,line_search=False,solver=saga]",42,13.37272768599999,4147.708905345793,,Darwin,x86_64,19.0.0,Darwin Kernel Version 19.0.0: Wed Oct 23 18:29:05 PDT 2019; root:xnu-6153.41.3~44/RELEASE_X86_64,16,Intel(R) Core(TM) i9-9880H CPU @ 2.30GHz,32,,"('1.19.2', 'blas=mkl_rt, lapack=mkl_rt')",1.5.2
40,"L2 Logistic Regression[fit_intercept=False,lmbd=1.0]",rcv1,"(19959,)",0,"copt[accelerated=False,line_search=False,solver=saga]",63,19.064550994,4147.708905345793,,Darwin,x86_64,19.0.0,Darwin Kernel Version 19.0.0: Wed Oct 23 18:29:05 PDT 2019; root:xnu-6153.41.3~44/RELEASE_X86_64,16,Intel(R) Core(TM) i9-9880H CPU @ 2.30GHz,32,,"('1.19.2', 'blas=mkl_rt, lapack=mkl_rt')",1.5.2
41,"L2 Logistic Regression[fit_intercept=False,lmbd=1.0]",rcv1,"(19959,)",0,"copt[accelerated=False,line_search=False,solver=saga]",113,34.78184416300002,4147.708905345793,,Darwin,x86_64,19.0.0,Darwin Kernel Version 19.0.0: Wed Oct 23 18:29:05 PDT 2019; root:xnu-6153.41.3~44/RELEASE_X86_64,16,Intel(R) Core(TM) i9-9880H CPU @ 2.30GHz,32,,"('1.19.2', 'blas=mkl_rt, lapack=mkl_rt')",1.5.2
42,"L2 Logistic Regression[fit_intercept=False,lmbd=1.0]",rcv1,"(19959,)",0,"copt[accelerated=False,line_search=False,solver=saga]",244,73.095573,4147.708905345793,,Darwin,x86_64,19.0.0,Darwin Kernel Version 19.0.0: Wed Oct 23 18:29:05 PDT 2019; root:xnu-6153.41.3~44/RELEASE_X86_64,16,Intel(R) Core(TM) i9-9880H CPU @ 2.30GHz,32,,"('1.19.2', 'blas=mkl_rt, lapack=mkl_rt')",1.5.2
43,"L2 Logistic Regression[fit_intercept=False,lmbd=1.0]",rcv1,"(19959,)",0,"copt[accelerated=False,line_search=True,solver=pgd]",0,2.546499999311891e-05,5796.853372074147,,Darwin,x86_64,19.0.0,Darwin Kernel Version 19.0.0: Wed Oct 23 18:29:05 PDT 2019; root:xnu-6153.41.3~44/RELEASE_X86_64,16,Intel(R) Core(TM) i9-9880H CPU @ 2.30GHz,32,,"('1.19.2', 'blas=mkl_rt, lapack=mkl_rt')",1.5.2
44,"L2 Logistic Regression[fit_intercept=False,lmbd=1.0]",rcv1,"(19959,)",0,"copt[accelerated=False,line_search=True,solver=pgd]",1,0.04991707199999951,5796.853372074147,,Darwin,x86_64,19.0.0,Darwin Kernel Version 19.0.0: Wed Oct 23 18:29:05 PDT 2019; root:xnu-6153.41.3~44/RELEASE_X86_64,16,Intel(R) Core(TM) i9-9880H CPU @ 2.30GHz,32,,"('1.19.2', 'blas=mkl_rt, lapack=mkl_rt')",1.5.2
45,"L2 Logistic Regression[fit_intercept=False,lmbd=1.0]",rcv1,"(19959,)",0,"copt[accelerated=False,line_search=True,solver=pgd]",2,0.05508165999999903,5255.781388314997,,Darwin,x86_64,19.0.0,Darwin Kernel Version 19.0.0: Wed Oct 23 18:29:05 PDT 2019; root:xnu-6153.41.3~44/RELEASE_X86_64,16,Intel(R) Core(TM) i9-9880H CPU @ 2.30GHz,32,,"('1.19.2', 'blas=mkl_rt, lapack=mkl_rt')",1.5.2
46,"L2 Logistic Regression[fit_intercept=False,lmbd=1.0]",rcv1,"(19959,)",0,"copt[accelerated=False,line_search=True,solver=pgd]",3,0.06046038499999895,4921.5120841949465,,Darwin,x86_64,19.0.0,Darwin Kernel Version 19.0.0: Wed Oct 23 18:29:05 PDT 2019; root:xnu-6153.41.3~44/RELEASE_X86_64,16,Intel(R) Core(TM) i9-9880H CPU @ 2.30GHz,32,,"('1.19.2', 'blas=mkl_rt, lapack=mkl_rt')",1.5.2
47,"L2 Logistic Regression[fit_intercept=False,lmbd=1.0]",rcv1,"(19959,)",0,"copt[accelerated=False,line_search=True,solver=pgd]",5,0.07072482899999954,4558.817275813866,,Darwin,x86_64,19.0.0,Darwin Kernel Version 19.0.0: Wed Oct 23 18:29:05 PDT 2019; root:xnu-6153.41.3~44/RELEASE_X86_64,16,Intel(R) Core(TM) i9-9880H CPU @ 2.30GHz,32,,"('1.19.2', 'blas=mkl_rt, lapack=mkl_rt')",1.5.2
48,"L2 Logistic Regression[fit_intercept=False,lmbd=1.0]",rcv1,"(19959,)",0,"copt[accelerated=False,line_search=True,solver=pgd]",9,0.1095673239999968,4319.242398687373,,Darwin,x86_64,19.0.0,Darwin Kernel Version 19.0.0: Wed Oct 23 18:29:05 PDT 2019; root:xnu-6153.41.3~44/RELEASE_X86_64,16,Intel(R) Core(TM) i9-9880H CPU @ 2.30GHz,32,,"('1.19.2', 'blas=mkl_rt, lapack=mkl_rt')",1.5.2
49,"L2 Logistic Regression[fit_intercept=False,lmbd=1.0]",rcv1,"(19959,)",0,"copt[accelerated=False,line_search=True,solver=pgd]",16,0.17240365899999688,4187.42408840555,,Darwin,x86_64,19.0.0,Darwin Kernel Version 19.0.0: Wed Oct 23 18:29:05 PDT 2019; root:xnu-6153.41.3~44/RELEASE_X86_64,16,Intel(R) Core(TM) i9-9880H CPU @ 2.30GHz,32,,"('1.19.2', 'blas=mkl_rt, lapack=mkl_rt')",1.5.2
50,"L2 Logistic Regression[fit_intercept=False,lmbd=1.0]",rcv1,"(19959,)",0,"copt[accelerated=False,line_search=True,solver=pgd]",28,0.2605688189999995,4153.007939580868,,Darwin,x86_64,19.0.0,Darwin Kernel Version 19.0.0: Wed Oct 23 18:29:05 PDT 2019; root:xnu-6153.41.3~44/RELEASE_X86_64,16,Intel(R) Core(TM) i9-9880H CPU @ 2.30GHz,32,,"('1.19.2', 'blas=mkl_rt, lapack=mkl_rt')",1.5.2
51,"L2 Logistic Regression[fit_intercept=False,lmbd=1.0]",rcv1,"(19959,)",0,"copt[accelerated=False,line_search=True,solver=pgd]",50,0.34075681100000565,4147.895572724647,,Darwin,x86_64,19.0.0,Darwin Kernel Version 19.0.0: Wed Oct 23 18:29:05 PDT 2019; root:xnu-6153.41.3~44/RELEASE_X86_64,16,Intel(R) Core(TM) i9-9880H CPU @ 2.30GHz,32,,"('1.19.2', 'blas=mkl_rt, lapack=mkl_rt')",1.5.2
52,"L2 Logistic Regression[fit_intercept=False,lmbd=1.0]",rcv1,"(19959,)",0,"copt[accelerated=False,line_search=True,solver=pgd]",89,0.5683719620000005,4147.7096597757345,,Darwin,x86_64,19.0.0,Darwin Kernel Version 19.0.0: Wed Oct 23 18:29:05 PDT 2019; root:xnu-6153.41.3~44/RELEASE_X86_64,16,Intel(R) Core(TM) i9-9880H CPU @ 2.30GHz,32,,"('1.19.2', 'blas=mkl_rt, lapack=mkl_rt')",1.5.2
53,"L2 Logistic Regression[fit_intercept=False,lmbd=1.0]",rcv1,"(19959,)",0,"copt[accelerated=False,line_search=True,solver=pgd]",160,0.9559559190000044,4147.7089054124235,,Darwin,x86_64,19.0.0,Darwin Kernel Version 19.0.0: Wed Oct 23 18:29:05 PDT 2019; root:xnu-6153.41.3~44/RELEASE_X86_64,16,Intel(R) Core(TM) i9-9880H CPU @ 2.30GHz,32,,"('1.19.2', 'blas=mkl_rt, lapack=mkl_rt')",1.5.2
54,"L2 Logistic Regression[fit_intercept=False,lmbd=1.0]",rcv1,"(19959,)",0,"copt[accelerated=False,line_search=True,solver=pgd]",288,1.975753147000006,4147.708905345797,,Darwin,x86_64,19.0.0,Darwin Kernel Version 19.0.0: Wed Oct 23 18:29:05 PDT 2019; root:xnu-6153.41.3~44/RELEASE_X86_64,16,Intel(R) Core(TM) i9-9880H CPU @ 2.30GHz,32,,"('1.19.2', 'blas=mkl_rt, lapack=mkl_rt')",1.5.2
55,"L2 Logistic Regression[fit_intercept=False,lmbd=1.0]",rcv1,"(19959,)",0,"copt[accelerated=False,line_search=True,solver=pgd]",518,3.3165528819999963,4147.708905345797,,Darwin,x86_64,19.0.0,Darwin Kernel Version 19.0.0: Wed Oct 23 18:29:05 PDT 2019; root:xnu-6153.41.3~44/RELEASE_X86_64,16,Intel(R) Core(TM) i9-9880H CPU @ 2.30GHz,32,,"('1.19.2', 'blas=mkl_rt, lapack=mkl_rt')",1.5.2
56,"L2 Logistic Regression[fit_intercept=False,lmbd=1.0]",rcv1,"(19959,)",0,"copt[accelerated=False,line_search=True,solver=pgd]",1118,6.641951849999998,4147.708905345797,,Darwin,x86_64,19.0.0,Darwin Kernel Version 19.0.0: Wed Oct 23 18:29:05 PDT 2019; root:xnu-6153.41.3~44/RELEASE_X86_64,16,Intel(R) Core(TM) i9-9880H CPU @ 2.30GHz,32,,"('1.19.2', 'blas=mkl_rt, lapack=mkl_rt')",1.5.2
57,"L2 Logistic Regression[fit_intercept=False,lmbd=1.0]",rcv1,"(19959,)",0,"copt[accelerated=False,line_search=True,solver=pgd]",2897,16.93520628799999,4147.708905345797,,Darwin,x86_64,19.0.0,Darwin Kernel Version 19.0.0: Wed Oct 23 18:29:05 PDT 2019; root:xnu-6153.41.3~44/RELEASE_X86_64,16,Intel(R) Core(TM) i9-9880H CPU @ 2.30GHz,32,,"('1.19.2', 'blas=mkl_rt, lapack=mkl_rt')",1.5.2
58,"L2 Logistic Regression[fit_intercept=False,lmbd=1.0]",rcv1,"(19959,)",0,"copt[accelerated=False,line_search=True,solver=pgd]",9010,50.272386357000016,4147.708905345797,,Darwin,x86_64,19.0.0,Darwin Kernel Version 19.0.0: Wed Oct 23 18:29:05 PDT 2019; root:xnu-6153.41.3~44/RELEASE_X86_64,16,Intel(R) Core(TM) i9-9880H CPU @ 2.30GHz,32,,"('1.19.2', 'blas=mkl_rt, lapack=mkl_rt')",1.5.2
59,"L2 Logistic Regression[fit_intercept=False,lmbd=1.0]",rcv1,"(19959,)",0,"copt[accelerated=False,line_search=True,solver=pgd]",33629,184.190941748,4147.708905345797,,Darwin,x86_64,19.0.0,Darwin Kernel Version 19.0.0: Wed Oct 23 18:29:05 PDT 2019; root:xnu-6153.41.3~44/RELEASE_X86_64,16,Intel(R) Core(TM) i9-9880H CPU @ 2.30GHz,32,,"('1.19.2', 'blas=mkl_rt, lapack=mkl_rt')",1.5.2
60,"L2 Logistic Regression[fit_intercept=False,lmbd=1.0]",rcv1,"(19959,)",0,"copt[accelerated=True,line_search=False,solver=pgd]",0,1.4614000008350558e-05,9558.085134614212,,Darwin,x86_64,19.0.0,Darwin Kernel Version 19.0.0: Wed Oct 23 18:29:05 PDT 2019; root:xnu-6153.41.3~44/RELEASE_X86_64,16,Intel(R) Core(TM) i9-9880H CPU @ 2.30GHz,32,,"('1.19.2', 'blas=mkl_rt, lapack=mkl_rt')",1.5.2
61,"L2 Logistic Regression[fit_intercept=False,lmbd=1.0]",rcv1,"(19959,)",0,"copt[accelerated=True,line_search=False,solver=pgd]",1,0.2427404270000011,9558.085134614212,,Darwin,x86_64,19.0.0,Darwin Kernel Version 19.0.0: Wed Oct 23 18:29:05 PDT 2019; root:xnu-6153.41.3~44/RELEASE_X86_64,16,Intel(R) Core(TM) i9-9880H CPU @ 2.30GHz,32,,"('1.19.2', 'blas=mkl_rt, lapack=mkl_rt')",1.5.2
62,"L2 Logistic Regression[fit_intercept=False,lmbd=1.0]",rcv1,"(19959,)",0,"copt[accelerated=True,line_search=False,solver=pgd]",2,0.33946015399999396,8287.541792302922,,Darwin,x86_64,19.0.0,Darwin Kernel Version 19.0.0: Wed Oct 23 18:29:05 PDT 2019; root:xnu-6153.41.3~44/RELEASE_X86_64,16,Intel(R) Core(TM) i9-9880H CPU @ 2.30GHz,32,,"('1.19.2', 'blas=mkl_rt, lapack=mkl_rt')",1.5.2
63,"L2 Logistic Regression[fit_intercept=False,lmbd=1.0]",rcv1,"(19959,)",0,"copt[accelerated=True,line_search=False,solver=pgd]",3,0.4541435859999865,7301.102636376684,,Darwin,x86_64,19.0.0,Darwin Kernel Version 19.0.0: Wed Oct 23 18:29:05 PDT 2019; root:xnu-6153.41.3~44/RELEASE_X86_64,16,Intel(R) Core(TM) i9-9880H CPU @ 2.30GHz,32,,"('1.19.2', 'blas=mkl_rt, lapack=mkl_rt')",1.5.2
64,"L2 Logistic Regression[fit_intercept=False,lmbd=1.0]",rcv1,"(19959,)",0,"copt[accelerated=True,line_search=False,solver=pgd]",5,0.6729320640000083,5972.407102910373,,Darwin,x86_64,19.0.0,Darwin Kernel Version 19.0.0: Wed Oct 23 18:29:05 PDT 2019; root:xnu-6153.41.3~44/RELEASE_X86_64,16,Intel(R) Core(TM) i9-9880H CPU @ 2.30GHz,32,,"('1.19.2', 'blas=mkl_rt, lapack=mkl_rt')",1.5.2
65,"L2 Logistic Regression[fit_intercept=False,lmbd=1.0]",rcv1,"(19959,)",0,"copt[accelerated=True,line_search=False,solver=pgd]",9,1.1138764079999532,4766.697452240703,,Darwin,x86_64,19.0.0,Darwin Kernel Version 19.0.0: Wed Oct 23 18:29:05 PDT 2019; root:xnu-6153.41.3~44/RELEASE_X86_64,16,Intel(R) Core(TM) i9-9880H CPU @ 2.30GHz,32,,"('1.19.2', 'blas=mkl_rt, lapack=mkl_rt')",1.5.2
66,"L2 Logistic Regression[fit_intercept=False,lmbd=1.0]",rcv1,"(19959,)",0,"copt[accelerated=True,line_search=False,solver=pgd]",16,1.9162894380000353,4259.095674401782,,Darwin,x86_64,19.0.0,Darwin Kernel Version 19.0.0: Wed Oct 23 18:29:05 PDT 2019; root:xnu-6153.41.3~44/RELEASE_X86_64,16,Intel(R) Core(TM) i9-9880H CPU @ 2.30GHz,32,,"('1.19.2', 'blas=mkl_rt, lapack=mkl_rt')",1.5.2
67,"L2 Logistic Regression[fit_intercept=False,lmbd=1.0]",rcv1,"(19959,)",0,"copt[accelerated=True,line_search=False,solver=pgd]",28,3.2257922910000048,4159.616705146109,,Darwin,x86_64,19.0.0,Darwin Kernel Version 19.0.0: Wed Oct 23 18:29:05 PDT 2019; root:xnu-6153.41.3~44/RELEASE_X86_64,16,Intel(R) Core(TM) i9-9880H CPU @ 2.30GHz,32,,"('1.19.2', 'blas=mkl_rt, lapack=mkl_rt')",1.5.2
68,"L2 Logistic Regression[fit_intercept=False,lmbd=1.0]",rcv1,"(19959,)",0,"copt[accelerated=True,line_search=False,solver=pgd]",50,5.849463737000008,4150.056084509411,,Darwin,x86_64,19.0.0,Darwin Kernel Version 19.0.0: Wed Oct 23 18:29:05 PDT 2019; root:xnu-6153.41.3~44/RELEASE_X86_64,16,Intel(R) Core(TM) i9-9880H CPU @ 2.30GHz,32,,"('1.19.2', 'blas=mkl_rt, lapack=mkl_rt')",1.5.2
69,"L2 Logistic Regression[fit_intercept=False,lmbd=1.0]",rcv1,"(19959,)",0,"copt[accelerated=True,line_search=False,solver=pgd]",89,10.30620123,4147.903462454167,,Darwin,x86_64,19.0.0,Darwin Kernel Version 19.0.0: Wed Oct 23 18:29:05 PDT 2019; root:xnu-6153.41.3~44/RELEASE_X86_64,16,Intel(R) Core(TM) i9-9880H CPU @ 2.30GHz,32,,"('1.19.2', 'blas=mkl_rt, lapack=mkl_rt')",1.5.2
70,"L2 Logistic Regression[fit_intercept=False,lmbd=1.0]",rcv1,"(19959,)",0,"copt[accelerated=True,line_search=False,solver=pgd]",160,18.41123095300003,4147.719824470261,,Darwin,x86_64,19.0.0,Darwin Kernel Version 19.0.0: Wed Oct 23 18:29:05 PDT 2019; root:xnu-6153.41.3~44/RELEASE_X86_64,16,Intel(R) Core(TM) i9-9880H CPU @ 2.30GHz,32,,"('1.19.2', 'blas=mkl_rt, lapack=mkl_rt')",1.5.2
71,"L2 Logistic Regression[fit_intercept=False,lmbd=1.0]",rcv1,"(19959,)",0,"copt[accelerated=True,line_search=False,solver=pgd]",288,34.37856381700004,4147.7093444586635,,Darwin,x86_64,19.0.0,Darwin Kernel Version 19.0.0: Wed Oct 23 18:29:05 PDT 2019; root:xnu-6153.41.3~44/RELEASE_X86_64,16,Intel(R) Core(TM) i9-9880H CPU @ 2.30GHz,32,,"('1.19.2', 'blas=mkl_rt, lapack=mkl_rt')",1.5.2
72,"L2 Logistic Regression[fit_intercept=False,lmbd=1.0]",rcv1,"(19959,)",0,"copt[accelerated=True,line_search=False,solver=pgd]",518,63.95284476699993,4147.708911379867,,Darwin,x86_64,19.0.0,Darwin Kernel Version 19.0.0: Wed Oct 23 18:29:05 PDT 2019; root:xnu-6153.41.3~44/RELEASE_X86_64,16,Intel(R) Core(TM) i9-9880H CPU @ 2.30GHz,32,,"('1.19.2', 'blas=mkl_rt, lapack=mkl_rt')",1.5.2
73,"L2 Logistic Regression[fit_intercept=False,lmbd=1.0]",rcv1,"(19959,)",0,"copt[accelerated=True,line_search=False,solver=pgd]",932,114.46134304999998,4147.708905359279,,Darwin,x86_64,19.0.0,Darwin Kernel Version 19.0.0: Wed Oct 23 18:29:05 PDT 2019; root:xnu-6153.41.3~44/RELEASE_X86_64,16,Intel(R) Core(TM) i9-9880H CPU @ 2.30GHz,32,,"('1.19.2', 'blas=mkl_rt, lapack=mkl_rt')",1.5.2
74,"L2 Logistic Regression[fit_intercept=False,lmbd=1.0]",rcv1,"(19959,)",0,"copt[accelerated=True,line_search=True,solver=pgd]",0,6.40350000367107e-05,4934.124218176248,,Darwin,x86_64,19.0.0,Darwin Kernel Version 19.0.0: Wed Oct 23 18:29:05 PDT 2019; root:xnu-6153.41.3~44/RELEASE_X86_64,16,Intel(R) Core(TM) i9-9880H CPU @ 2.30GHz,32,,"('1.19.2', 'blas=mkl_rt, lapack=mkl_rt')",1.5.2
75,"L2 Logistic Regression[fit_intercept=False,lmbd=1.0]",rcv1,"(19959,)",0,"copt[accelerated=True,line_search=True,solver=pgd]",1,0.0826373050000484,4934.124218176248,,Darwin,x86_64,19.0.0,Darwin Kernel Version 19.0.0: Wed Oct 23 18:29:05 PDT 2019; root:xnu-6153.41.3~44/RELEASE_X86_64,16,Intel(R) Core(TM) i9-9880H CPU @ 2.30GHz,32,,"('1.19.2', 'blas=mkl_rt, lapack=mkl_rt')",1.5.2
76,"L2 Logistic Regression[fit_intercept=False,lmbd=1.0]",rcv1,"(19959,)",0,"copt[accelerated=True,line_search=True,solver=pgd]",2,0.12009528199996566,4579.298059853,,Darwin,x86_64,19.0.0,Darwin Kernel Version 19.0.0: Wed Oct 23 18:29:05 PDT 2019; root:xnu-6153.41.3~44/RELEASE_X86_64,16,Intel(R) Core(TM) i9-9880H CPU @ 2.30GHz,32,,"('1.19.2', 'blas=mkl_rt, lapack=mkl_rt')",1.5.2
77,"L2 Logistic Regression[fit_intercept=False,lmbd=1.0]",rcv1,"(19959,)",0,"copt[accelerated=True,line_search=True,solver=pgd]",3,0.16134475000001203,4441.218222202277,,Darwin,x86_64,19.0.0,Darwin Kernel Version 19.0.0: Wed Oct 23 18:29:05 PDT 2019; root:xnu-6153.41.3~44/RELEASE_X86_64,16,Intel(R) Core(TM) i9-9880H CPU @ 2.30GHz,32,,"('1.19.2', 'blas=mkl_rt, lapack=mkl_rt')",1.5.2
78,"L2 Logistic Regression[fit_intercept=False,lmbd=1.0]",rcv1,"(19959,)",0,"copt[accelerated=True,line_search=True,solver=pgd]",5,0.2298427890000312,4277.410703625699,,Darwin,x86_64,19.0.0,Darwin Kernel Version 19.0.0: Wed Oct 23 18:29:05 PDT 2019; root:xnu-6153.41.3~44/RELEASE_X86_64,16,Intel(R) Core(TM) i9-9880H CPU @ 2.30GHz,32,,"('1.19.2', 'blas=mkl_rt, lapack=mkl_rt')",1.5.2
79,"L2 Logistic Regression[fit_intercept=False,lmbd=1.0]",rcv1,"(19959,)",0,"copt[accelerated=True,line_search=True,solver=pgd]",9,0.38880139599996255,4169.327881746225,,Darwin,x86_64,19.0.0,Darwin Kernel Version 19.0.0: Wed Oct 23 18:29:05 PDT 2019; root:xnu-6153.41.3~44/RELEASE_X86_64,16,Intel(R) Core(TM) i9-9880H CPU @ 2.30GHz,32,,"('1.19.2', 'blas=mkl_rt, lapack=mkl_rt')",1.5.2
80,"L2 Logistic Regression[fit_intercept=False,lmbd=1.0]",rcv1,"(19959,)",0,"copt[accelerated=True,line_search=True,solver=pgd]",16,0.6412742669999716,4148.820399507953,,Darwin,x86_64,19.0.0,Darwin Kernel Version 19.0.0: Wed Oct 23 18:29:05 PDT 2019; root:xnu-6153.41.3~44/RELEASE_X86_64,16,Intel(R) Core(TM) i9-9880H CPU @ 2.30GHz,32,,"('1.19.2', 'blas=mkl_rt, lapack=mkl_rt')",1.5.2
81,"L2 Logistic Regression[fit_intercept=False,lmbd=1.0]",rcv1,"(19959,)",0,"copt[accelerated=True,line_search=True,solver=pgd]",28,1.0422138060000634,4147.84704434722,,Darwin,x86_64,19.0.0,Darwin Kernel Version 19.0.0: Wed Oct 23 18:29:05 PDT 2019; root:xnu-6153.41.3~44/RELEASE_X86_64,16,Intel(R) Core(TM) i9-9880H CPU @ 2.30GHz,32,,"('1.19.2', 'blas=mkl_rt, lapack=mkl_rt')",1.5.2
82,"L2 Logistic Regression[fit_intercept=False,lmbd=1.0]",rcv1,"(19959,)",0,"copt[accelerated=True,line_search=True,solver=pgd]",50,1.7466813240000647,4147.720199499805,,Darwin,x86_64,19.0.0,Darwin Kernel Version 19.0.0: Wed Oct 23 18:29:05 PDT 2019; root:xnu-6153.41.3~44/RELEASE_X86_64,16,Intel(R) Core(TM) i9-9880H CPU @ 2.30GHz,32,,"('1.19.2', 'blas=mkl_rt, lapack=mkl_rt')",1.5.2
83,"L2 Logistic Regression[fit_intercept=False,lmbd=1.0]",rcv1,"(19959,)",0,"copt[accelerated=True,line_search=True,solver=pgd]",89,3.1145697980000477,4147.709043556642,,Darwin,x86_64,19.0.0,Darwin Kernel Version 19.0.0: Wed Oct 23 18:29:05 PDT 2019; root:xnu-6153.41.3~44/RELEASE_X86_64,16,Intel(R) Core(TM) i9-9880H CPU @ 2.30GHz,32,,"('1.19.2', 'blas=mkl_rt, lapack=mkl_rt')",1.5.2
84,"L2 Logistic Regression[fit_intercept=False,lmbd=1.0]",rcv1,"(19959,)",0,"copt[accelerated=True,line_search=True,solver=pgd]",160,5.58937245900006,4147.708905926123,,Darwin,x86_64,19.0.0,Darwin Kernel Version 19.0.0: Wed Oct 23 18:29:05 PDT 2019; root:xnu-6153.41.3~44/RELEASE_X86_64,16,Intel(R) Core(TM) i9-9880H CPU @ 2.30GHz,32,,"('1.19.2', 'blas=mkl_rt, lapack=mkl_rt')",1.5.2
85,"L2 Logistic Regression[fit_intercept=False,lmbd=1.0]",rcv1,"(19959,)",0,"copt[accelerated=True,line_search=True,solver=pgd]",288,9.957389368999998,4147.708905345924,,Darwin,x86_64,19.0.0,Darwin Kernel Version 19.0.0: Wed Oct 23 18:29:05 PDT 2019; root:xnu-6153.41.3~44/RELEASE_X86_64,16,Intel(R) Core(TM) i9-9880H CPU @ 2.30GHz,32,,"('1.19.2', 'blas=mkl_rt, lapack=mkl_rt')",1.5.2
86,"L2 Logistic Regression[fit_intercept=False,lmbd=1.0]",rcv1,"(19959,)",0,"copt[accelerated=True,line_search=True,solver=pgd]",518,19.136565237000013,4147.708905345792,,Darwin,x86_64,19.0.0,Darwin Kernel Version 19.0.0: Wed Oct 23 18:29:05 PDT 2019; root:xnu-6153.41.3~44/RELEASE_X86_64,16,Intel(R) Core(TM) i9-9880H CPU @ 2.30GHz,32,,"('1.19.2', 'blas=mkl_rt, lapack=mkl_rt')",1.5.2
87,"L2 Logistic Regression[fit_intercept=False,lmbd=1.0]",rcv1,"(19959,)",0,"copt[accelerated=True,line_search=True,solver=pgd]",932,35.251091213999985,4147.708905345791,,Darwin,x86_64,19.0.0,Darwin Kernel Version 19.0.0: Wed Oct 23 18:29:05 PDT 2019; root:xnu-6153.41.3~44/RELEASE_X86_64,16,Intel(R) Core(TM) i9-9880H CPU @ 2.30GHz,32,,"('1.19.2', 'blas=mkl_rt, lapack=mkl_rt')",1.5.2
88,"L2 Logistic Regression[fit_intercept=False,lmbd=1.0]",rcv1,"(19959,)",0,"copt[accelerated=True,line_search=True,solver=pgd]",1677,67.427955129,4147.708905345792,,Darwin,x86_64,19.0.0,Darwin Kernel Version 19.0.0: Wed Oct 23 18:29:05 PDT 2019; root:xnu-6153.41.3~44/RELEASE_X86_64,16,Intel(R) Core(TM) i9-9880H CPU @ 2.30GHz,32,,"('1.19.2', 'blas=mkl_rt, lapack=mkl_rt')",1.5.2
89,"L2 Logistic Regression[fit_intercept=False,lmbd=1.0]",rcv1,"(19959,)",0,"copt[accelerated=True,line_search=True,solver=pgd]",3018,122.391084137,4147.708905345792,,Darwin,x86_64,19.0.0,Darwin Kernel Version 19.0.0: Wed Oct 23 18:29:05 PDT 2019; root:xnu-6153.41.3~44/RELEASE_X86_64,16,Intel(R) Core(TM) i9-9880H CPU @ 2.30GHz,32,,"('1.19.2', 'blas=mkl_rt, lapack=mkl_rt')",1.5.2
90,"L2 Logistic Regression[fit_intercept=False,lmbd=0.01]",rcv1,"(19959,)",0,"copt[accelerated=False,line_search=False,solver=pgd]",0,1.2734999927488388e-05,9471.648476232065,,Darwin,x86_64,19.0.0,Darwin Kernel Version 19.0.0: Wed Oct 23 18:29:05 PDT 2019; root:xnu-6153.41.3~44/RELEASE_X86_64,16,Intel(R) Core(TM) i9-9880H CPU @ 2.30GHz,32,,"('1.19.2', 'blas=mkl_rt, lapack=mkl_rt')",1.5.2
91,"L2 Logistic Regression[fit_intercept=False,lmbd=0.01]",rcv1,"(19959,)",0,"copt[accelerated=False,line_search=False,solver=pgd]",1,0.22789005999993606,9471.648476232065,,Darwin,x86_64,19.0.0,Darwin Kernel Version 19.0.0: Wed Oct 23 18:29:05 PDT 2019; root:xnu-6153.41.3~44/RELEASE_X86_64,16,Intel(R) Core(TM) i9-9880H CPU @ 2.30GHz,32,,"('1.19.2', 'blas=mkl_rt, lapack=mkl_rt')",1.5.2
92,"L2 Logistic Regression[fit_intercept=False,lmbd=0.01]",rcv1,"(19959,)",0,"copt[accelerated=False,line_search=False,solver=pgd]",2,0.334776206000015,8406.889194557343,,Darwin,x86_64,19.0.0,Darwin Kernel Version 19.0.0: Wed Oct 23 18:29:05 PDT 2019; root:xnu-6153.41.3~44/RELEASE_X86_64,16,Intel(R) Core(TM) i9-9880H CPU @ 2.30GHz,32,,"('1.19.2', 'blas=mkl_rt, lapack=mkl_rt')",1.5.2
93,"L2 Logistic Regression[fit_intercept=False,lmbd=0.01]",rcv1,"(19959,)",0,"copt[accelerated=False,line_search=False,solver=pgd]",3,0.43945898799995575,7642.203174546468,,Darwin,x86_64,19.0.0,Darwin Kernel Version 19.0.0: Wed Oct 23 18:29:05 PDT 2019; root:xnu-6153.41.3~44/RELEASE_X86_64,16,Intel(R) Core(TM) i9-9880H CPU @ 2.30GHz,32,,"('1.19.2', 'blas=mkl_rt, lapack=mkl_rt')",1.5.2
94,"L2 Logistic Regression[fit_intercept=False,lmbd=0.01]",rcv1,"(19959,)",0,"copt[accelerated=False,line_search=False,solver=pgd]",5,0.6684805720000213,6597.740960832516,,Darwin,x86_64,19.0.0,Darwin Kernel Version 19.0.0: Wed Oct 23 18:29:05 PDT 2019; root:xnu-6153.41.3~44/RELEASE_X86_64,16,Intel(R) Core(TM) i9-9880H CPU @ 2.30GHz,32,,"('1.19.2', 'blas=mkl_rt, lapack=mkl_rt')",1.5.2
95,"L2 Logistic Regression[fit_intercept=False,lmbd=0.01]",rcv1,"(19959,)",0,"copt[accelerated=False,line_search=False,solver=pgd]",9,1.0908570549999013,5404.4530792184705,,Darwin,x86_64,19.0.0,Darwin Kernel Version 19.0.0: Wed Oct 23 18:29:05 PDT 2019; root:xnu-6153.41.3~44/RELEASE_X86_64,16,Intel(R) Core(TM) i9-9880H CPU @ 2.30GHz,32,,"('1.19.2', 'blas=mkl_rt, lapack=mkl_rt')",1.5.2
96,"L2 Logistic Regression[fit_intercept=False,lmbd=0.01]",rcv1,"(19959,)",0,"copt[accelerated=False,line_search=False,solver=pgd]",16,1.7886792139998988,4361.80685167032,,Darwin,x86_64,19.0.0,Darwin Kernel Version 19.0.0: Wed Oct 23 18:29:05 PDT 2019; root:xnu-6153.41.3~44/RELEASE_X86_64,16,Intel(R) Core(TM) i9-9880H CPU @ 2.30GHz,32,,"('1.19.2', 'blas=mkl_rt, lapack=mkl_rt')",1.5.2
97,"L2 Logistic Regression[fit_intercept=False,lmbd=0.01]",rcv1,"(19959,)",0,"copt[accelerated=False,line_search=False,solver=pgd]",28,3.048002739000026,3519.18878665665,,Darwin,x86_64,19.0.0,Darwin Kernel Version 19.0.0: Wed Oct 23 18:29:05 PDT 2019; root:xnu-6153.41.3~44/RELEASE_X86_64,16,Intel(R) Core(TM) i9-9880H CPU @ 2.30GHz,32,,"('1.19.2', 'blas=mkl_rt, lapack=mkl_rt')",1.5.2
98,"L2 Logistic Regression[fit_intercept=False,lmbd=0.01]",rcv1,"(19959,)",0,"copt[accelerated=False,line_search=False,solver=pgd]",50,5.497054534999961,2817.3397231507633,,Darwin,x86_64,19.0.0,Darwin Kernel Version 19.0.0: Wed Oct 23 18:29:05 PDT 2019; root:xnu-6153.41.3~44/RELEASE_X86_64,16,Intel(R) Core(TM) i9-9880H CPU @ 2.30GHz,32,,"('1.19.2', 'blas=mkl_rt, lapack=mkl_rt')",1.5.2
99,"L2 Logistic Regression[fit_intercept=False,lmbd=0.01]",rcv1,"(19959,)",0,"copt[accelerated=False,line_search=False,solver=pgd]",89,9.732811518000062,2254.9495095669517,,Darwin,x86_64,19.0.0,Darwin Kernel Version 19.0.0: Wed Oct 23 18:29:05 PDT 2019; root:xnu-6153.41.3~44/RELEASE_X86_64,16,Intel(R) Core(TM) i9-9880H CPU @ 2.30GHz,32,,"('1.19.2', 'blas=mkl_rt, lapack=mkl_rt')",1.5.2
100,"L2 Logistic Regression[fit_intercept=False,lmbd=0.01]",rcv1,"(19959,)",0,"copt[accelerated=False,line_search=False,solver=pgd]",160,17.411853371999996,1781.655674414468,,Darwin,x86_64,19.0.0,Darwin Kernel Version 19.0.0: Wed Oct 23 18:29:05 PDT 2019; root:xnu-6153.41.3~44/RELEASE_X86_64,16,Intel(R) Core(TM) i9-9880H CPU @ 2.30GHz,32,,"('1.19.2', 'blas=mkl_rt, lapack=mkl_rt')",1.5.2
101,"L2 Logistic Regression[fit_intercept=False,lmbd=0.01]",rcv1,"(19959,)",0,"copt[accelerated=False,line_search=False,solver=pgd]",288,32.613099808000015,1382.3951486933079,,Darwin,x86_64,19.0.0,Darwin Kernel Version 19.0.0: Wed Oct 23 18:29:05 PDT 2019; root:xnu-6153.41.3~44/RELEASE_X86_64,16,Intel(R) Core(TM) i9-9880H CPU @ 2.30GHz,32,,"('1.19.2', 'blas=mkl_rt, lapack=mkl_rt')",1.5.2
102,"L2 Logistic Regression[fit_intercept=False,lmbd=0.01]",rcv1,"(19959,)",0,"copt[accelerated=False,line_search=False,solver=pgd]",518,59.876489511000045,1053.41254177999,,Darwin,x86_64,19.0.0,Darwin Kernel Version 19.0.0: Wed Oct 23 18:29:05 PDT 2019; root:xnu-6153.41.3~44/RELEASE_X86_64,16,Intel(R) Core(TM) i9-9880H CPU @ 2.30GHz,32,,"('1.19.2', 'blas=mkl_rt, lapack=mkl_rt')",1.5.2
103,"L2 Logistic Regression[fit_intercept=False,lmbd=0.01]",rcv1,"(19959,)",0,"copt[accelerated=False,line_search=False,solver=pgd]",932,101.361731211,802.2656456480988,,Darwin,x86_64,19.0.0,Darwin Kernel Version 19.0.0: Wed Oct 23 18:29:05 PDT 2019; root:xnu-6153.41.3~44/RELEASE_X86_64,16,Intel(R) Core(TM) i9-9880H CPU @ 2.30GHz,32,,"('1.19.2', 'blas=mkl_rt, lapack=mkl_rt')",1.5.2
104,"L2 Logistic Regression[fit_intercept=False,lmbd=0.01]",rcv1,"(19959,)",0,"copt[accelerated=False,line_search=False,solver=svrg]",0,7.100099998069709e-05,1954.5632486582158,,Darwin,x86_64,19.0.0,Darwin Kernel Version 19.0.0: Wed Oct 23 18:29:05 PDT 2019; root:xnu-6153.41.3~44/RELEASE_X86_64,16,Intel(R) Core(TM) i9-9880H CPU @ 2.30GHz,32,,"('1.19.2', 'blas=mkl_rt, lapack=mkl_rt')",1.5.2
105,"L2 Logistic Regression[fit_intercept=False,lmbd=0.01]",rcv1,"(19959,)",0,"copt[accelerated=False,line_search=False,solver=svrg]",1,1.9452956499999914,1883.853563319922,,Darwin,x86_64,19.0.0,Darwin Kernel Version 19.0.0: Wed Oct 23 18:29:05 PDT 2019; root:xnu-6153.41.3~44/RELEASE_X86_64,16,Intel(R) Core(TM) i9-9880H CPU @ 2.30GHz,32,,"('1.19.2', 'blas=mkl_rt, lapack=mkl_rt')",1.5.2
106,"L2 Logistic Regression[fit_intercept=False,lmbd=0.01]",rcv1,"(19959,)",0,"copt[accelerated=False,line_search=False,solver=svrg]",2,2.5186695969999846,1372.037210532473,,Darwin,x86_64,19.0.0,Darwin Kernel Version 19.0.0: Wed Oct 23 18:29:05 PDT 2019; root:xnu-6153.41.3~44/RELEASE_X86_64,16,Intel(R) Core(TM) i9-9880H CPU @ 2.30GHz,32,,"('1.19.2', 'blas=mkl_rt, lapack=mkl_rt')",1.5.2
107,"L2 Logistic Regression[fit_intercept=False,lmbd=0.01]",rcv1,"(19959,)",0,"copt[accelerated=False,line_search=False,solver=svrg]",3,3.373080774000016,1131.209581721002,,Darwin,x86_64,19.0.0,Darwin Kernel Version 19.0.0: Wed Oct 23 18:29:05 PDT 2019; root:xnu-6153.41.3~44/RELEASE_X86_64,16,Intel(R) Core(TM) i9-9880H CPU @ 2.30GHz,32,,"('1.19.2', 'blas=mkl_rt, lapack=mkl_rt')",1.5.2
108,"L2 Logistic Regression[fit_intercept=False,lmbd=0.01]",rcv1,"(19959,)",0,"copt[accelerated=False,line_search=False,solver=svrg]",4,4.138710065999987,986.7550637582434,,Darwin,x86_64,19.0.0,Darwin Kernel Version 19.0.0: Wed Oct 23 18:29:05 PDT 2019; root:xnu-6153.41.3~44/RELEASE_X86_64,16,Intel(R) Core(TM) i9-9880H CPU @ 2.30GHz,32,,"('1.19.2', 'blas=mkl_rt, lapack=mkl_rt')",1.5.2
109,"L2 Logistic Regression[fit_intercept=False,lmbd=0.01]",rcv1,"(19959,)",0,"copt[accelerated=False,line_search=False,solver=svrg]",6,6.591180360999999,816.9258429791129,,Darwin,x86_64,19.0.0,Darwin Kernel Version 19.0.0: Wed Oct 23 18:29:05 PDT 2019; root:xnu-6153.41.3~44/RELEASE_X86_64,16,Intel(R) Core(TM) i9-9880H CPU @ 2.30GHz,32,,"('1.19.2', 'blas=mkl_rt, lapack=mkl_rt')",1.5.2
110,"L2 Logistic Regression[fit_intercept=False,lmbd=0.01]",rcv1,"(19959,)",0,"copt[accelerated=False,line_search=False,solver=svrg]",9,8.952703001000032,689.4243331390162,,Darwin,x86_64,19.0.0,Darwin Kernel Version 19.0.0: Wed Oct 23 18:29:05 PDT 2019; root:xnu-6153.41.3~44/RELEASE_X86_64,16,Intel(R) Core(TM) i9-9880H CPU @ 2.30GHz,32,,"('1.19.2', 'blas=mkl_rt, lapack=mkl_rt')",1.5.2
111,"L2 Logistic Regression[fit_intercept=False,lmbd=0.01]",rcv1,"(19959,)",0,"copt[accelerated=False,line_search=False,solver=svrg]",13,11.006528677000006,609.1826733178451,,Darwin,x86_64,19.0.0,Darwin Kernel Version 19.0.0: Wed Oct 23 18:29:05 PDT 2019; root:xnu-6153.41.3~44/RELEASE_X86_64,16,Intel(R) Core(TM) i9-9880H CPU @ 2.30GHz,32,,"('1.19.2', 'blas=mkl_rt, lapack=mkl_rt')",1.5.2
112,"L2 Logistic Regression[fit_intercept=False,lmbd=0.01]",rcv1,"(19959,)",0,"copt[accelerated=False,line_search=False,solver=svrg]",19,15.328077864000022,557.6084867548767,,Darwin,x86_64,19.0.0,Darwin Kernel Version 19.0.0: Wed Oct 23 18:29:05 PDT 2019; root:xnu-6153.41.3~44/RELEASE_X86_64,16,Intel(R) Core(TM) i9-9880H CPU @ 2.30GHz,32,,"('1.19.2', 'blas=mkl_rt, lapack=mkl_rt')",1.5.2
113,"L2 Logistic Regression[fit_intercept=False,lmbd=0.01]",rcv1,"(19959,)",0,"copt[accelerated=False,line_search=False,solver=svrg]",28,22.482428782,529.4234335067358,,Darwin,x86_64,19.0.0,Darwin Kernel Version 19.0.0: Wed Oct 23 18:29:05 PDT 2019; root:xnu-6153.41.3~44/RELEASE_X86_64,16,Intel(R) Core(TM) i9-9880H CPU @ 2.30GHz,32,,"('1.19.2', 'blas=mkl_rt, lapack=mkl_rt')",1.5.2
114,"L2 Logistic Regression[fit_intercept=False,lmbd=0.01]",rcv1,"(19959,)",0,"copt[accelerated=False,line_search=False,solver=svrg]",42,35.983903596000005,516.9754129338442,,Darwin,x86_64,19.0.0,Darwin Kernel Version 19.0.0: Wed Oct 23 18:29:05 PDT 2019; root:xnu-6153.41.3~44/RELEASE_X86_64,16,Intel(R) Core(TM) i9-9880H CPU @ 2.30GHz,32,,"('1.19.2', 'blas=mkl_rt, lapack=mkl_rt')",1.5.2
115,"L2 Logistic Regression[fit_intercept=False,lmbd=0.01]",rcv1,"(19959,)",0,"copt[accelerated=False,line_search=False,solver=saga]",0,0.0008034609999754139,1380.643942600313,,Darwin,x86_64,19.0.0,Darwin Kernel Version 19.0.0: Wed Oct 23 18:29:05 PDT 2019; root:xnu-6153.41.3~44/RELEASE_X86_64,16,Intel(R) Core(TM) i9-9880H CPU @ 2.30GHz,32,,"('1.19.2', 'blas=mkl_rt, lapack=mkl_rt')",1.5.2
116,"L2 Logistic Regression[fit_intercept=False,lmbd=0.01]",rcv1,"(19959,)",0,"copt[accelerated=False,line_search=False,solver=saga]",1,1.2121934250000095,1399.0003962102712,,Darwin,x86_64,19.0.0,Darwin Kernel Version 19.0.0: Wed Oct 23 18:29:05 PDT 2019; root:xnu-6153.41.3~44/RELEASE_X86_64,16,Intel(R) Core(TM) i9-9880H CPU @ 2.30GHz,32,,"('1.19.2', 'blas=mkl_rt, lapack=mkl_rt')",1.5.2
117,"L2 Logistic Regression[fit_intercept=False,lmbd=0.01]",rcv1,"(19959,)",0,"copt[accelerated=False,line_search=False,solver=saga]",2,1.533822630999964,1336.3848325274598,,Darwin,x86_64,19.0.0,Darwin Kernel Version 19.0.0: Wed Oct 23 18:29:05 PDT 2019; root:xnu-6153.41.3~44/RELEASE_X86_64,16,Intel(R) Core(TM) i9-9880H CPU @ 2.30GHz,32,,"('1.19.2', 'blas=mkl_rt, lapack=mkl_rt')",1.5.2
118,"L2 Logistic Regression[fit_intercept=False,lmbd=0.01]",rcv1,"(19959,)",0,"copt[accelerated=False,line_search=False,solver=saga]",3,1.7187603589999867,1084.728045820503,,Darwin,x86_64,19.0.0,Darwin Kernel Version 19.0.0: Wed Oct 23 18:29:05 PDT 2019; root:xnu-6153.41.3~44/RELEASE_X86_64,16,Intel(R) Core(TM) i9-9880H CPU @ 2.30GHz,32,,"('1.19.2', 'blas=mkl_rt, lapack=mkl_rt')",1.5.2
119,"L2 Logistic Regression[fit_intercept=False,lmbd=0.01]",rcv1,"(19959,)",0,"copt[accelerated=False,line_search=False,solver=saga]",4,1.938150525000026,964.5679198596073,,Darwin,x86_64,19.0.0,Darwin Kernel Version 19.0.0: Wed Oct 23 18:29:05 PDT 2019; root:xnu-6153.41.3~44/RELEASE_X86_64,16,Intel(R) Core(TM) i9-9880H CPU @ 2.30GHz,32,,"('1.19.2', 'blas=mkl_rt, lapack=mkl_rt')",1.5.2
120,"L2 Logistic Regression[fit_intercept=False,lmbd=0.01]",rcv1,"(19959,)",0,"copt[accelerated=False,line_search=False,solver=saga]",6,2.512671504000025,812.4942014764085,,Darwin,x86_64,19.0.0,Darwin Kernel Version 19.0.0: Wed Oct 23 18:29:05 PDT 2019; root:xnu-6153.41.3~44/RELEASE_X86_64,16,Intel(R) Core(TM) i9-9880H CPU @ 2.30GHz,32,,"('1.19.2', 'blas=mkl_rt, lapack=mkl_rt')",1.5.2
121,"L2 Logistic Regression[fit_intercept=False,lmbd=0.01]",rcv1,"(19959,)",0,"copt[accelerated=False,line_search=False,solver=saga]",9,3.2506427580000263,689.9707455018273,,Darwin,x86_64,19.0.0,Darwin Kernel Version 19.0.0: Wed Oct 23 18:29:05 PDT 2019; root:xnu-6153.41.3~44/RELEASE_X86_64,16,Intel(R) Core(TM) i9-9880H CPU @ 2.30GHz,32,,"('1.19.2', 'blas=mkl_rt, lapack=mkl_rt')",1.5.2
122,"L2 Logistic Regression[fit_intercept=False,lmbd=0.01]",rcv1,"(19959,)",0,"copt[accelerated=False,line_search=False,solver=saga]",13,4.411839353999994,611.266675395649,,Darwin,x86_64,19.0.0,Darwin Kernel Version 19.0.0: Wed Oct 23 18:29:05 PDT 2019; root:xnu-6153.41.3~44/RELEASE_X86_64,16,Intel(R) Core(TM) i9-9880H CPU @ 2.30GHz,32,,"('1.19.2', 'blas=mkl_rt, lapack=mkl_rt')",1.5.2
123,"L2 Logistic Regression[fit_intercept=False,lmbd=0.01]",rcv1,"(19959,)",0,"copt[accelerated=False,line_search=False,solver=saga]",19,6.158570682000004,558.8751857829727,,Darwin,x86_64,19.0.0,Darwin Kernel Version 19.0.0: Wed Oct 23 18:29:05 PDT 2019; root:xnu-6153.41.3~44/RELEASE_X86_64,16,Intel(R) Core(TM) i9-9880H CPU @ 2.30GHz,32,,"('1.19.2', 'blas=mkl_rt, lapack=mkl_rt')",1.5.2
124,"L2 Logistic Regression[fit_intercept=False,lmbd=0.01]",rcv1,"(19959,)",0,"copt[accelerated=False,line_search=False,solver=saga]",28,9.227994021000029,530.1263049780891,,Darwin,x86_64,19.0.0,Darwin Kernel Version 19.0.0: Wed Oct 23 18:29:05 PDT 2019; root:xnu-6153.41.3~44/RELEASE_X86_64,16,Intel(R) Core(TM) i9-9880H CPU @ 2.30GHz,32,,"('1.19.2', 'blas=mkl_rt, lapack=mkl_rt')",1.5.2
125,"L2 Logistic Regression[fit_intercept=False,lmbd=0.01]",rcv1,"(19959,)",0,"copt[accelerated=False,line_search=False,solver=saga]",42,17.678806829999985,517.1865710143954,,Darwin,x86_64,19.0.0,Darwin Kernel Version 19.0.0: Wed Oct 23 18:29:05 PDT 2019; root:xnu-6153.41.3~44/RELEASE_X86_64,16,Intel(R) Core(TM) i9-9880H CPU @ 2.30GHz,32,,"('1.19.2', 'blas=mkl_rt, lapack=mkl_rt')",1.5.2
126,"L2 Logistic Regression[fit_intercept=False,lmbd=0.01]",rcv1,"(19959,)",0,"copt[accelerated=False,line_search=False,solver=saga]",63,21.955275966999977,512.881877979611,,Darwin,x86_64,19.0.0,Darwin Kernel Version 19.0.0: Wed Oct 23 18:29:05 PDT 2019; root:xnu-6153.41.3~44/RELEASE_X86_64,16,Intel(R) Core(TM) i9-9880H CPU @ 2.30GHz,32,,"('1.19.2', 'blas=mkl_rt, lapack=mkl_rt')",1.5.2
127,"L2 Logistic Regression[fit_intercept=False,lmbd=0.01]",rcv1,"(19959,)",0,"copt[accelerated=False,line_search=False,solver=saga]",94,27.555583987000034,511.6786076253197,,Darwin,x86_64,19.0.0,Darwin Kernel Version 19.0.0: Wed Oct 23 18:29:05 PDT 2019; root:xnu-6153.41.3~44/RELEASE_X86_64,16,Intel(R) Core(TM) i9-9880H CPU @ 2.30GHz,32,,"('1.19.2', 'blas=mkl_rt, lapack=mkl_rt')",1.5.2
128,"L2 Logistic Regression[fit_intercept=False,lmbd=0.01]",rcv1,"(19959,)",0,"copt[accelerated=False,line_search=False,solver=saga]",141,40.785577882999974,511.36299325793715,,Darwin,x86_64,19.0.0,Darwin Kernel Version 19.0.0: Wed Oct 23 18:29:05 PDT 2019; root:xnu-6153.41.3~44/RELEASE_X86_64,16,Intel(R) Core(TM) i9-9880H CPU @ 2.30GHz,32,,"('1.19.2', 'blas=mkl_rt, lapack=mkl_rt')",1.5.2
129,"L2 Logistic Regression[fit_intercept=False,lmbd=0.01]",rcv1,"(19959,)",0,"copt[accelerated=False,line_search=True,solver=pgd]",0,0.0005471999999144828,5343.836211784427,,Darwin,x86_64,19.0.0,Darwin Kernel Version 19.0.0: Wed Oct 23 18:29:05 PDT 2019; root:xnu-6153.41.3~44/RELEASE_X86_64,16,Intel(R) Core(TM) i9-9880H CPU @ 2.30GHz,32,,"('1.19.2', 'blas=mkl_rt, lapack=mkl_rt')",1.5.2
130,"L2 Logistic Regression[fit_intercept=False,lmbd=0.01]",rcv1,"(19959,)",0,"copt[accelerated=False,line_search=True,solver=pgd]",1,0.04910292700003538,5343.836211784427,,Darwin,x86_64,19.0.0,Darwin Kernel Version 19.0.0: Wed Oct 23 18:29:05 PDT 2019; root:xnu-6153.41.3~44/RELEASE_X86_64,16,Intel(R) Core(TM) i9-9880H CPU @ 2.30GHz,32,,"('1.19.2', 'blas=mkl_rt, lapack=mkl_rt')",1.5.2
131,"L2 Logistic Regression[fit_intercept=False,lmbd=0.01]",rcv1,"(19959,)",0,"copt[accelerated=False,line_search=True,solver=pgd]",2,0.05302488400002403,4614.1707195775125,,Darwin,x86_64,19.0.0,Darwin Kernel Version 19.0.0: Wed Oct 23 18:29:05 PDT 2019; root:xnu-6153.41.3~44/RELEASE_X86_64,16,Intel(R) Core(TM) i9-9880H CPU @ 2.30GHz,32,,"('1.19.2', 'blas=mkl_rt, lapack=mkl_rt')",1.5.2
132,"L2 Logistic Regression[fit_intercept=False,lmbd=0.01]",rcv1,"(19959,)",0,"copt[accelerated=False,line_search=True,solver=pgd]",3,0.06108605400004308,4107.767839341457,,Darwin,x86_64,19.0.0,Darwin Kernel Version 19.0.0: Wed Oct 23 18:29:05 PDT 2019; root:xnu-6153.41.3~44/RELEASE_X86_64,16,Intel(R) Core(TM) i9-9880H CPU @ 2.30GHz,32,,"('1.19.2', 'blas=mkl_rt, lapack=mkl_rt')",1.5.2
133,"L2 Logistic Regression[fit_intercept=False,lmbd=0.01]",rcv1,"(19959,)",0,"copt[accelerated=False,line_search=True,solver=pgd]",5,0.06793653599993377,3427.439177362672,,Darwin,x86_64,19.0.0,Darwin Kernel Version 19.0.0: Wed Oct 23 18:29:05 PDT 2019; root:xnu-6153.41.3~44/RELEASE_X86_64,16,Intel(R) Core(TM) i9-9880H CPU @ 2.30GHz,32,,"('1.19.2', 'blas=mkl_rt, lapack=mkl_rt')",1.5.2
134,"L2 Logistic Regression[fit_intercept=False,lmbd=0.01]",rcv1,"(19959,)",0,"copt[accelerated=False,line_search=True,solver=pgd]",9,0.08830112299995108,2644.0963318539557,,Darwin,x86_64,19.0.0,Darwin Kernel Version 19.0.0: Wed Oct 23 18:29:05 PDT 2019; root:xnu-6153.41.3~44/RELEASE_X86_64,16,Intel(R) Core(TM) i9-9880H CPU @ 2.30GHz,32,,"('1.19.2', 'blas=mkl_rt, lapack=mkl_rt')",1.5.2
135,"L2 Logistic Regression[fit_intercept=False,lmbd=0.01]",rcv1,"(19959,)",0,"copt[accelerated=False,line_search=True,solver=pgd]",16,0.13204329000006965,2043.275911425266,,Darwin,x86_64,19.0.0,Darwin Kernel Version 19.0.0: Wed Oct 23 18:29:05 PDT 2019; root:xnu-6153.41.3~44/RELEASE_X86_64,16,Intel(R) Core(TM) i9-9880H CPU @ 2.30GHz,32,,"('1.19.2', 'blas=mkl_rt, lapack=mkl_rt')",1.5.2
136,"L2 Logistic Regression[fit_intercept=False,lmbd=0.01]",rcv1,"(19959,)",0,"copt[accelerated=False,line_search=True,solver=pgd]",28,0.20372937499996624,1492.5975332830549,,Darwin,x86_64,19.0.0,Darwin Kernel Version 19.0.0: Wed Oct 23 18:29:05 PDT 2019; root:xnu-6153.41.3~44/RELEASE_X86_64,16,Intel(R) Core(TM) i9-9880H CPU @ 2.30GHz,32,,"('1.19.2', 'blas=mkl_rt, lapack=mkl_rt')",1.5.2
137,"L2 Logistic Regression[fit_intercept=False,lmbd=0.01]",rcv1,"(19959,)",0,"copt[accelerated=False,line_search=True,solver=pgd]",50,0.32780663899995943,942.6542270808018,,Darwin,x86_64,19.0.0,Darwin Kernel Version 19.0.0: Wed Oct 23 18:29:05 PDT 2019; root:xnu-6153.41.3~44/RELEASE_X86_64,16,Intel(R) Core(TM) i9-9880H CPU @ 2.30GHz,32,,"('1.19.2', 'blas=mkl_rt, lapack=mkl_rt')",1.5.2
138,"L2 Logistic Regression[fit_intercept=False,lmbd=0.01]",rcv1,"(19959,)",0,"copt[accelerated=False,line_search=True,solver=pgd]",89,0.5537766659999761,657.8200454834508,,Darwin,x86_64,19.0.0,Darwin Kernel Version 19.0.0: Wed Oct 23 18:29:05 PDT 2019; root:xnu-6153.41.3~44/RELEASE_X86_64,16,Intel(R) Core(TM) i9-9880H CPU @ 2.30GHz,32,,"('1.19.2', 'blas=mkl_rt, lapack=mkl_rt')",1.5.2
139,"L2 Logistic Regression[fit_intercept=False,lmbd=0.01]",rcv1,"(19959,)",0,"copt[accelerated=False,line_search=True,solver=pgd]",160,1.0178958810000722,527.9938723195777,,Darwin,x86_64,19.0.0,Darwin Kernel Version 19.0.0: Wed Oct 23 18:29:05 PDT 2019; root:xnu-6153.41.3~44/RELEASE_X86_64,16,Intel(R) Core(TM) i9-9880H CPU @ 2.30GHz,32,,"('1.19.2', 'blas=mkl_rt, lapack=mkl_rt')",1.5.2
140,"L2 Logistic Regression[fit_intercept=False,lmbd=0.01]",rcv1,"(19959,)",0,"copt[accelerated=False,line_search=True,solver=pgd]",288,1.7121214649999956,512.3851659705911,,Darwin,x86_64,19.0.0,Darwin Kernel Version 19.0.0: Wed Oct 23 18:29:05 PDT 2019; root:xnu-6153.41.3~44/RELEASE_X86_64,16,Intel(R) Core(TM) i9-9880H CPU @ 2.30GHz,32,,"('1.19.2', 'blas=mkl_rt, lapack=mkl_rt')",1.5.2
141,"L2 Logistic Regression[fit_intercept=False,lmbd=0.01]",rcv1,"(19959,)",0,"copt[accelerated=False,line_search=True,solver=pgd]",518,3.0209604530000433,511.3386008146682,,Darwin,x86_64,19.0.0,Darwin Kernel Version 19.0.0: Wed Oct 23 18:29:05 PDT 2019; root:xnu-6153.41.3~44/RELEASE_X86_64,16,Intel(R) Core(TM) i9-9880H CPU @ 2.30GHz,32,,"('1.19.2', 'blas=mkl_rt, lapack=mkl_rt')",1.5.2
142,"L2 Logistic Regression[fit_intercept=False,lmbd=0.01]",rcv1,"(19959,)",0,"copt[accelerated=False,line_search=True,solver=pgd]",932,5.338147366000044,511.29693775742805,,Darwin,x86_64,19.0.0,Darwin Kernel Version 19.0.0: Wed Oct 23 18:29:05 PDT 2019; root:xnu-6153.41.3~44/RELEASE_X86_64,16,Intel(R) Core(TM) i9-9880H CPU @ 2.30GHz,32,,"('1.19.2', 'blas=mkl_rt, lapack=mkl_rt')",1.5.2
143,"L2 Logistic Regression[fit_intercept=False,lmbd=0.01]",rcv1,"(19959,)",0,"copt[accelerated=False,line_search=True,solver=pgd]",1677,9.657033533000003,511.2965720449488,,Darwin,x86_64,19.0.0,Darwin Kernel Version 19.0.0: Wed Oct 23 18:29:05 PDT 2019; root:xnu-6153.41.3~44/RELEASE_X86_64,16,Intel(R) Core(TM) i9-9880H CPU @ 2.30GHz,32,,"('1.19.2', 'blas=mkl_rt, lapack=mkl_rt')",1.5.2
144,"L2 Logistic Regression[fit_intercept=False,lmbd=0.01]",rcv1,"(19959,)",0,"copt[accelerated=False,line_search=True,solver=pgd]",3018,17.373822493000034,511.2965718726153,,Darwin,x86_64,19.0.0,Darwin Kernel Version 19.0.0: Wed Oct 23 18:29:05 PDT 2019; root:xnu-6153.41.3~44/RELEASE_X86_64,16,Intel(R) Core(TM) i9-9880H CPU @ 2.30GHz,32,,"('1.19.2', 'blas=mkl_rt, lapack=mkl_rt')",1.5.2
145,"L2 Logistic Regression[fit_intercept=False,lmbd=0.01]",rcv1,"(19959,)",0,"copt[accelerated=False,line_search=True,solver=pgd]",5432,29.899411047000058,511.2965718726153,,Darwin,x86_64,19.0.0,Darwin Kernel Version 19.0.0: Wed Oct 23 18:29:05 PDT 2019; root:xnu-6153.41.3~44/RELEASE_X86_64,16,Intel(R) Core(TM) i9-9880H CPU @ 2.30GHz,32,,"('1.19.2', 'blas=mkl_rt, lapack=mkl_rt')",1.5.2
146,"L2 Logistic Regression[fit_intercept=False,lmbd=0.01]",rcv1,"(19959,)",0,"copt[accelerated=False,line_search=True,solver=pgd]",11733,66.755022241,511.2965718726153,,Darwin,x86_64,19.0.0,Darwin Kernel Version 19.0.0: Wed Oct 23 18:29:05 PDT 2019; root:xnu-6153.41.3~44/RELEASE_X86_64,16,Intel(R) Core(TM) i9-9880H CPU @ 2.30GHz,32,,"('1.19.2', 'blas=mkl_rt, lapack=mkl_rt')",1.5.2
147,"L2 Logistic Regression[fit_intercept=False,lmbd=0.01]",rcv1,"(19959,)",0,"copt[accelerated=False,line_search=True,solver=pgd]",30411,166.687488507,511.2965718726153,,Darwin,x86_64,19.0.0,Darwin Kernel Version 19.0.0: Wed Oct 23 18:29:05 PDT 2019; root:xnu-6153.41.3~44/RELEASE_X86_64,16,Intel(R) Core(TM) i9-9880H CPU @ 2.30GHz,32,,"('1.19.2', 'blas=mkl_rt, lapack=mkl_rt')",1.5.2
148,"L2 Logistic Regression[fit_intercept=False,lmbd=0.01]",rcv1,"(19959,)",0,"copt[accelerated=True,line_search=False,solver=pgd]",0,5.685600001470448e-05,9471.648476232067,,Darwin,x86_64,19.0.0,Darwin Kernel Version 19.0.0: Wed Oct 23 18:29:05 PDT 2019; root:xnu-6153.41.3~44/RELEASE_X86_64,16,Intel(R) Core(TM) i9-9880H CPU @ 2.30GHz,32,,"('1.19.2', 'blas=mkl_rt, lapack=mkl_rt')",1.5.2
149,"L2 Logistic Regression[fit_intercept=False,lmbd=0.01]",rcv1,"(19959,)",0,"copt[accelerated=True,line_search=False,solver=pgd]",1,0.24713104599993585,9471.648476232067,,Darwin,x86_64,19.0.0,Darwin Kernel Version 19.0.0: Wed Oct 23 18:29:05 PDT 2019; root:xnu-6153.41.3~44/RELEASE_X86_64,16,Intel(R) Core(TM) i9-9880H CPU @ 2.30GHz,32,,"('1.19.2', 'blas=mkl_rt, lapack=mkl_rt')",1.5.2
150,"L2 Logistic Regression[fit_intercept=False,lmbd=0.01]",rcv1,"(19959,)",0,"copt[accelerated=True,line_search=False,solver=pgd]",2,0.39821736399994734,8132.480894959923,,Darwin,x86_64,19.0.0,Darwin Kernel Version 19.0.0: Wed Oct 23 18:29:05 PDT 2019; root:xnu-6153.41.3~44/RELEASE_X86_64,16,Intel(R) Core(TM) i9-9880H CPU @ 2.30GHz,32,,"('1.19.2', 'blas=mkl_rt, lapack=mkl_rt')",1.5.2
151,"L2 Logistic Regression[fit_intercept=False,lmbd=0.01]",rcv1,"(19959,)",0,"copt[accelerated=True,line_search=False,solver=pgd]",3,0.47913591900010033,7062.148176192207,,Darwin,x86_64,19.0.0,Darwin Kernel Version 19.0.0: Wed Oct 23 18:29:05 PDT 2019; root:xnu-6153.41.3~44/RELEASE_X86_64,16,Intel(R) Core(TM) i9-9880H CPU @ 2.30GHz,32,,"('1.19.2', 'blas=mkl_rt, lapack=mkl_rt')",1.5.2
152,"L2 Logistic Regression[fit_intercept=False,lmbd=0.01]",rcv1,"(19959,)",0,"copt[accelerated=True,line_search=False,solver=pgd]",5,0.6597078349999492,5533.484755732476,,Darwin,x86_64,19.0.0,Darwin Kernel Version 19.0.0: Wed Oct 23 18:29:05 PDT 2019; root:xnu-6153.41.3~44/RELEASE_X86_64,16,Intel(R) Core(TM) i9-9880H CPU @ 2.30GHz,32,,"('1.19.2', 'blas=mkl_rt, lapack=mkl_rt')",1.5.2
153,"L2 Logistic Regression[fit_intercept=False,lmbd=0.01]",rcv1,"(19959,)",0,"copt[accelerated=True,line_search=False,solver=pgd]",9,2.364093726999954,3874.6284815704053,,Darwin,x86_64,19.0.0,Darwin Kernel Version 19.0.0: Wed Oct 23 18:29:05 PDT 2019; root:xnu-6153.41.3~44/RELEASE_X86_64,16,Intel(R) Core(TM) i9-9880H CPU @ 2.30GHz,32,,"('1.19.2', 'blas=mkl_rt, lapack=mkl_rt')",1.5.2
154,"L2 Logistic Regression[fit_intercept=False,lmbd=0.01]",rcv1,"(19959,)",0,"copt[accelerated=True,line_search=False,solver=pgd]",16,8.776677503000087,2652.844952909272,,Darwin,x86_64,19.0.0,Darwin Kernel Version 19.0.0: Wed Oct 23 18:29:05 PDT 2019; root:xnu-6153.41.3~44/RELEASE_X86_64,16,Intel(R) Core(TM) i9-9880H CPU @ 2.30GHz,32,,"('1.19.2', 'blas=mkl_rt, lapack=mkl_rt')",1.5.2
155,"L2 Logistic Regression[fit_intercept=False,lmbd=0.01]",rcv1,"(19959,)",0,"copt[accelerated=True,line_search=False,solver=pgd]",28,9.633476452999957,1804.3399071076726,,Darwin,x86_64,19.0.0,Darwin Kernel Version 19.0.0: Wed Oct 23 18:29:05 PDT 2019; root:xnu-6153.41.3~44/RELEASE_X86_64,16,Intel(R) Core(TM) i9-9880H CPU @ 2.30GHz,32,,"('1.19.2', 'blas=mkl_rt, lapack=mkl_rt')",1.5.2
156,"L2 Logistic Regression[fit_intercept=False,lmbd=0.01]",rcv1,"(19959,)",0,"copt[accelerated=True,line_search=False,solver=pgd]",50,5.588995132000036,1124.10141284186,,Darwin,x86_64,19.0.0,Darwin Kernel Version 19.0.0: Wed Oct 23 18:29:05 PDT 2019; root:xnu-6153.41.3~44/RELEASE_X86_64,16,Intel(R) Core(TM) i9-9880H CPU @ 2.30GHz,32,,"('1.19.2', 'blas=mkl_rt, lapack=mkl_rt')",1.5.2
157,"L2 Logistic Regression[fit_intercept=False,lmbd=0.01]",rcv1,"(19959,)",0,"copt[accelerated=True,line_search=False,solver=pgd]",89,10.272215604999928,671.8341164035169,,Darwin,x86_64,19.0.0,Darwin Kernel Version 19.0.0: Wed Oct 23 18:29:05 PDT 2019; root:xnu-6153.41.3~44/RELEASE_X86_64,16,Intel(R) Core(TM) i9-9880H CPU @ 2.30GHz,32,,"('1.19.2', 'blas=mkl_rt, lapack=mkl_rt')",1.5.2
158,"L2 Logistic Regression[fit_intercept=False,lmbd=0.01]",rcv1,"(19959,)",0,"copt[accelerated=True,line_search=False,solver=pgd]",160,18.633523845000013,523.3935080302358,,Darwin,x86_64,19.0.0,Darwin Kernel Version 19.0.0: Wed Oct 23 18:29:05 PDT 2019; root:xnu-6153.41.3~44/RELEASE_X86_64,16,Intel(R) Core(TM) i9-9880H CPU @ 2.30GHz,32,,"('1.19.2', 'blas=mkl_rt, lapack=mkl_rt')",1.5.2
159,"L2 Logistic Regression[fit_intercept=False,lmbd=0.01]",rcv1,"(19959,)",0,"copt[accelerated=True,line_search=False,solver=pgd]",288,33.158928468,514.4606897986139,,Darwin,x86_64,19.0.0,Darwin Kernel Version 19.0.0: Wed Oct 23 18:29:05 PDT 2019; root:xnu-6153.41.3~44/RELEASE_X86_64,16,Intel(R) Core(TM) i9-9880H CPU @ 2.30GHz,32,,"('1.19.2', 'blas=mkl_rt, lapack=mkl_rt')",1.5.2
160,"L2 Logistic Regression[fit_intercept=False,lmbd=0.01]",rcv1,"(19959,)",0,"copt[accelerated=True,line_search=False,solver=pgd]",518,61.804394559,511.6904196397521,,Darwin,x86_64,19.0.0,Darwin Kernel Version 19.0.0: Wed Oct 23 18:29:05 PDT 2019; root:xnu-6153.41.3~44/RELEASE_X86_64,16,Intel(R) Core(TM) i9-9880H CPU @ 2.30GHz,32,,"('1.19.2', 'blas=mkl_rt, lapack=mkl_rt')",1.5.2
161,"L2 Logistic Regression[fit_intercept=False,lmbd=0.01]",rcv1,"(19959,)",0,"copt[accelerated=True,line_search=True,solver=pgd]",0,1.9668000049932743e-05,4170.543456639538,,Darwin,x86_64,19.0.0,Darwin Kernel Version 19.0.0: Wed Oct 23 18:29:05 PDT 2019; root:xnu-6153.41.3~44/RELEASE_X86_64,16,Intel(R) Core(TM) i9-9880H CPU @ 2.30GHz,32,,"('1.19.2', 'blas=mkl_rt, lapack=mkl_rt')",1.5.2
162,"L2 Logistic Regression[fit_intercept=False,lmbd=0.01]",rcv1,"(19959,)",0,"copt[accelerated=True,line_search=True,solver=pgd]",1,0.07949131300006229,4170.543456639538,,Darwin,x86_64,19.0.0,Darwin Kernel Version 19.0.0: Wed Oct 23 18:29:05 PDT 2019; root:xnu-6153.41.3~44/RELEASE_X86_64,16,Intel(R) Core(TM) i9-9880H CPU @ 2.30GHz,32,,"('1.19.2', 'blas=mkl_rt, lapack=mkl_rt')",1.5.2
163,"L2 Logistic Regression[fit_intercept=False,lmbd=0.01]",rcv1,"(19959,)",0,"copt[accelerated=True,line_search=True,solver=pgd]",2,0.10565234299997428,3477.9257284529986,,Darwin,x86_64,19.0.0,Darwin Kernel Version 19.0.0: Wed Oct 23 18:29:05 PDT 2019; root:xnu-6153.41.3~44/RELEASE_X86_64,16,Intel(R) Core(TM) i9-9880H CPU @ 2.30GHz,32,,"('1.19.2', 'blas=mkl_rt, lapack=mkl_rt')",1.5.2
164,"L2 Logistic Regression[fit_intercept=False,lmbd=0.01]",rcv1,"(19959,)",0,"copt[accelerated=True,line_search=True,solver=pgd]",3,0.17607900000007248,3080.441710977292,,Darwin,x86_64,19.0.0,Darwin Kernel Version 19.0.0: Wed Oct 23 18:29:05 PDT 2019; root:xnu-6153.41.3~44/RELEASE_X86_64,16,Intel(R) Core(TM) i9-9880H CPU @ 2.30GHz,32,,"('1.19.2', 'blas=mkl_rt, lapack=mkl_rt')",1.5.2
165,"L2 Logistic Regression[fit_intercept=False,lmbd=0.01]",rcv1,"(19959,)",0,"copt[accelerated=True,line_search=True,solver=pgd]",5,0.2178304050000861,2567.016035441303,,Darwin,x86_64,19.0.0,Darwin Kernel Version 19.0.0: Wed Oct 23 18:29:05 PDT 2019; root:xnu-6153.41.3~44/RELEASE_X86_64,16,Intel(R) Core(TM) i9-9880H CPU @ 2.30GHz,32,,"('1.19.2', 'blas=mkl_rt, lapack=mkl_rt')",1.5.2
166,"L2 Logistic Regression[fit_intercept=False,lmbd=0.01]",rcv1,"(19959,)",0,"copt[accelerated=True,line_search=True,solver=pgd]",9,0.48241492900001504,1860.7420262597282,,Darwin,x86_64,19.0.0,Darwin Kernel Version 19.0.0: Wed Oct 23 18:29:05 PDT 2019; root:xnu-6153.41.3~44/RELEASE_X86_64,16,Intel(R) Core(TM) i9-9880H CPU @ 2.30GHz,32,,"('1.19.2', 'blas=mkl_rt, lapack=mkl_rt')",1.5.2
167,"L2 Logistic Regression[fit_intercept=False,lmbd=0.01]",rcv1,"(19959,)",0,"copt[accelerated=True,line_search=True,solver=pgd]",16,0.6300797359999706,1136.5224437329264,,Darwin,x86_64,19.0.0,Darwin Kernel Version 19.0.0: Wed Oct 23 18:29:05 PDT 2019; root:xnu-6153.41.3~44/RELEASE_X86_64,16,Intel(R) Core(TM) i9-9880H CPU @ 2.30GHz,32,,"('1.19.2', 'blas=mkl_rt, lapack=mkl_rt')",1.5.2
168,"L2 Logistic Regression[fit_intercept=False,lmbd=0.01]",rcv1,"(19959,)",0,"copt[accelerated=True,line_search=True,solver=pgd]",28,0.7348381890000155,662.8850890428871,,Darwin,x86_64,19.0.0,Darwin Kernel Version 19.0.0: Wed Oct 23 18:29:05 PDT 2019; root:xnu-6153.41.3~44/RELEASE_X86_64,16,Intel(R) Core(TM) i9-9880H CPU @ 2.30GHz,32,,"('1.19.2', 'blas=mkl_rt, lapack=mkl_rt')",1.5.2
169,"L2 Logistic Regression[fit_intercept=False,lmbd=0.01]",rcv1,"(19959,)",0,"copt[accelerated=True,line_search=True,solver=pgd]",50,1.1449854070000356,522.8992947824776,,Darwin,x86_64,19.0.0,Darwin Kernel Version 19.0.0: Wed Oct 23 18:29:05 PDT 2019; root:xnu-6153.41.3~44/RELEASE_X86_64,16,Intel(R) Core(TM) i9-9880H CPU @ 2.30GHz,32,,"('1.19.2', 'blas=mkl_rt, lapack=mkl_rt')",1.5.2
170,"L2 Logistic Regression[fit_intercept=False,lmbd=0.01]",rcv1,"(19959,)",0,"copt[accelerated=True,line_search=True,solver=pgd]",89,1.8380982809999296,514.5021327969162,,Darwin,x86_64,19.0.0,Darwin Kernel Version 19.0.0: Wed Oct 23 18:29:05 PDT 2019; root:xnu-6153.41.3~44/RELEASE_X86_64,16,Intel(R) Core(TM) i9-9880H CPU @ 2.30GHz,32,,"('1.19.2', 'blas=mkl_rt, lapack=mkl_rt')",1.5.2
171,"L2 Logistic Regression[fit_intercept=False,lmbd=0.01]",rcv1,"(19959,)",0,"copt[accelerated=True,line_search=True,solver=pgd]",160,3.3005303310000045,511.6393816243369,,Darwin,x86_64,19.0.0,Darwin Kernel Version 19.0.0: Wed Oct 23 18:29:05 PDT 2019; root:xnu-6153.41.3~44/RELEASE_X86_64,16,Intel(R) Core(TM) i9-9880H CPU @ 2.30GHz,32,,"('1.19.2', 'blas=mkl_rt, lapack=mkl_rt')",1.5.2
172,"L2 Logistic Regression[fit_intercept=False,lmbd=0.01]",rcv1,"(19959,)",0,"copt[accelerated=True,line_search=True,solver=pgd]",288,5.599767724999992,511.35224498980114,,Darwin,x86_64,19.0.0,Darwin Kernel Version 19.0.0: Wed Oct 23 18:29:05 PDT 2019; root:xnu-6153.41.3~44/RELEASE_X86_64,16,Intel(R) Core(TM) i9-9880H CPU @ 2.30GHz,32,,"('1.19.2', 'blas=mkl_rt, lapack=mkl_rt')",1.5.2
173,"L2 Logistic Regression[fit_intercept=False,lmbd=0.01]",rcv1,"(19959,)",0,"copt[accelerated=True,line_search=True,solver=pgd]",518,9.801756197999907,511.3008585183876,,Darwin,x86_64,19.0.0,Darwin Kernel Version 19.0.0: Wed Oct 23 18:29:05 PDT 2019; root:xnu-6153.41.3~44/RELEASE_X86_64,16,Intel(R) Core(TM) i9-9880H CPU @ 2.30GHz,32,,"('1.19.2', 'blas=mkl_rt, lapack=mkl_rt')",1.5.2
174,"L2 Logistic Regression[fit_intercept=False,lmbd=0.01]",rcv1,"(19959,)",0,"copt[accelerated=True,line_search=True,solver=pgd]",932,17.262745527999982,511.2968740446498,,Darwin,x86_64,19.0.0,Darwin Kernel Version 19.0.0: Wed Oct 23 18:29:05 PDT 2019; root:xnu-6153.41.3~44/RELEASE_X86_64,16,Intel(R) Core(TM) i9-9880H CPU @ 2.30GHz,32,,"('1.19.2', 'blas=mkl_rt, lapack=mkl_rt')",1.5.2
175,"L2 Logistic Regression[fit_intercept=False,lmbd=0.01]",rcv1,"(19959,)",0,"copt[accelerated=True,line_search=True,solver=pgd]",1677,32.94521315099996,511.2965858059177,,Darwin,x86_64,19.0.0,Darwin Kernel Version 19.0.0: Wed Oct 23 18:29:05 PDT 2019; root:xnu-6153.41.3~44/RELEASE_X86_64,16,Intel(R) Core(TM) i9-9880H CPU @ 2.30GHz,32,,"('1.19.2', 'blas=mkl_rt, lapack=mkl_rt')",1.5.2
176,"L2 Logistic Regression[fit_intercept=False,lmbd=0.01]",rcv1,"(19959,)",0,"copt[accelerated=True,line_search=True,solver=pgd]",3018,56.75495519000003,511.2965723157232,,Darwin,x86_64,19.0.0,Darwin Kernel Version 19.0.0: Wed Oct 23 18:29:05 PDT 2019; root:xnu-6153.41.3~44/RELEASE_X86_64,16,Intel(R) Core(TM) i9-9880H CPU @ 2.30GHz,32,,"('1.19.2', 'blas=mkl_rt, lapack=mkl_rt')",1.5.2
177,"L2 Logistic Regression[fit_intercept=False,lmbd=0.01]",rcv1,"(19959,)",0,"copt[accelerated=True,line_search=True,solver=pgd]",5432,99.21105405200001,511.2965718778597,,Darwin,x86_64,19.0.0,Darwin Kernel Version 19.0.0: Wed Oct 23 18:29:05 PDT 2019; root:xnu-6153.41.3~44/RELEASE_X86_64,16,Intel(R) Core(TM) i9-9880H CPU @ 2.30GHz,32,,"('1.19.2', 'blas=mkl_rt, lapack=mkl_rt')",1.5.2
